language,split,id,utt,annot_utt,scenario
French,test,0,réveille-moi à cinq heures du matin cette semaine,réveille-moi à [time : cinq heures du matin] [date : cette semaine],alarm
French,test,3,silence,silence,audio
French,test,8,le rose est tout ce dont nous avons besoin,le [color_type : rose] est tout ce dont nous avons besoin,iot
French,test,14,et l'obscurité est tombée,et l'obscurité est tombée,iot
French,test,19,olly éteindre les lumières dans la chambre,olly éteindre les lumières dans la [house_place : chambre],iot
French,test,27,c'est sale ici fais du bruit,c'est sale ici fais du bruit,iot
French,test,31,passer l'aspirateur dans le couloir,passer l'aspirateur dans le [house_place : couloir],iot
French,test,41,je veux le statut sur la luminosité de mon écran,je veux le statut sur la luminosité de mon écran,general
French,test,46,quoi de neuf olly,quoi de neuf olly,general
French,test,47,quelle heure est-il en australie,quelle heure est-il en [place_name : australie],datetime
French,test,50,olly donne-moi l'heure en g. m. t. plus cinq,olly donne-moi l'heure en [time_zone : g. m. t. plus cinq],datetime
French,test,59,annuler mon alarme de sept heures du matin,annuler mon alarme de [time : sept heures du matin],alarm
French,test,61,quelles alarmes j'ai réglées,quelles alarmes j'ai réglées,alarm
French,test,63,dis moi pour mes alarmes,dis moi pour mes alarmes,alarm
French,test,71,j' aime les chansons de jacques brel,j' aime les chansons de [artist_name : jacques brel],music
French,test,80,régler la luminosité des lumières plus haut,régler la luminosité des lumières plus haut,iot
French,test,85,dis-moi la date d'aujourd'hui,dis-moi la date [date : d'aujourd'hui],datetime
French,test,86,quelle date est-il aujourd'hui,quelle date est-il [date : aujourd'hui],datetime
French,test,89,pourrais-tu commander des sushis pour le dîner de ce soir,pourrais-tu commander des [food_type : sushis] pour le [meal_type : dîner] de [timeofday : ce soir],takeaway
French,test,100,quelles sont les prévisions de la semaine,quelles sont les prévisions [time : de la semaine],weather
French,test,102,quel temps fait-il cette semaine,quel temps fait-il [date : cette semaine],weather
French,test,103,dis-moi quel temps il fera cette semaine,dis-moi quel temps il fera [date : cette semaine],weather
French,test,122,envoie un rire à ma façon,envoie un rire à ma façon,general
French,test,124,olly raconte moi une blague,olly raconte moi une blague,general
French,test,128,quelle est la date,quelle est la date,datetime
French,test,132,commande un repas à emporter,commande un repas [order_type : à emporter],takeaway
French,test,150,j' aime cette chanson,j' aime cette chanson,music
French,test,151,rejoue le encore s'il te plait,rejoue le encore s'il te plait,play
French,test,158,baisser les lumières,baisser les lumières,iot
French,test,168,peuvent-ils proposer des plats à emporter,peuvent-ils proposer des plats [order_type : à emporter],takeaway
French,test,169,peuvent-ils faire la livraison,peuvent-ils faire la [order_type : livraison],takeaway
French,test,170,est-ce qu'ils livrent à domicile,est-ce qu'ils [order_type : livrent] à domicile,takeaway
French,test,171,olly est-ce qu'ils livrent à la maison,olly est-ce qu'ils [order_type : livrent] à la maison,takeaway
French,test,174,régler le réveil jeudi à sept heures du matin,régler le réveil [date : jeudi] à [time : sept heures du matin],alarm
French,test,177,dites-moi des nouvelles de l'entreprise,dites-moi des nouvelles de [news_topic : l'entreprise],news
French,test,178,dites-moi des nouvellesdites-moi des nouvelles internationale,dites-moi des nouvellesdites-moi des nouvelles [place_name : internationale],news
French,test,182,joue ma playlist de rock,joue ma playlist de [music_genre : rock],play
French,test,185,lance ma liste de lecture et joue la troisième chanson dans la file d'attente,lance ma liste de lecture et joue la troisième chanson dans la file d'attente,play
French,test,189,coupe le volume,coupe le volume,audio
French,test,197,quelle heure est il,quelle heure est il,datetime
French,test,201,supprime l’alarme que je viens de régler,supprime l’alarme que je viens de régler,alarm
French,test,216,quel temps fait-il aujourd'hui,quel temps fait-il [date : aujourd'hui],weather
French,test,219,dois je apporter un parapluie demain,dois je apporter un [weather_descriptor : parapluie] [date : demain],weather
French,test,220,jouer la musique à partir de la liste de rock,jouer la musique à partir de la [playlist_name : liste de rock],play
French,test,250,je me sens jazzy maintenant et toi,je me sens [music_genre : jazzy] maintenant et toi,play
French,test,254,olly joue un bon morceau de mon lecteur jazz préféré,olly joue un bon morceau de mon lecteur [music_genre : jazz] préféré,play
French,test,258,je ne peux pas t'entendre,je ne peux pas t'entendre,audio
French,test,261,je peux à peine t'entendre,je peux à peine t'entendre,audio
French,test,263,ayons les lumières bleues,ayons les lumières [color_type : bleues],iot
French,test,279,quelles sont les prévisions d'aujourd'hui pour angers,quelles sont les prévisions [date : d'aujourd'hui] pour [place_name : angers],weather
French,test,281,quel est le taux de change du dollar américain en livre sterling,quel est le [news_topic : taux de change du dollar américain en livre sterling],news
French,test,286,allume les lumières dans la cuisine,allume les lumières dans la [house_place : cuisine],iot
French,test,290,démarrer un aspirateur,démarrer un [device_type : aspirateur],iot
French,test,292,allume l' aspirateur,allume l' [device_type : aspirateur],iot
French,test,296,lis une playlist de nirvana,lis [playlist_name : une playlist de nirvana],play
French,test,297,mélange les chansons par coldplay,[player_setting : mélange] les chansons par [artist_name : coldplay],play
French,test,299,quelle est la météo,quelle est la météo,weather
French,test,310,quel jour est le réveillon du nouvel an cette année,quel jour est le réveillon du nouvel an [date : cette année],datetime
French,test,315,reste calme pendant encore une heure s'il vous plaît,reste calme pendant [time : encore une heure] s'il vous plaît,audio
French,test,317,ne parle pas aujourd'hui,ne parle pas [date : aujourd'hui],audio
French,test,319,dis moi la météo à québec à deux jours de maintenant,dis moi la météo à [place_name : québec] [time : à deux jours de maintenant],weather
French,test,321,désactive ma prise,désactive ma [device_type : prise],iot
French,test,322,activer ma prise,activer ma [device_type : prise],iot
French,test,329,je t'aime,[song_name : je t'aime],play
French,test,333,quelle est la météo à paris,quelle est la météo à [place_name : paris],weather
French,test,334,je souhaite connaître la météo à paris,je souhaite connaître la météo à [place_name : paris],weather
French,test,344,pleuvra-t-il demain,pleuvra-t-il [date : demain],weather
French,test,348,va-t-il pleuvoir demain,va-t-il [weather_descriptor : pleuvoir] [date : demain],weather
French,test,355,quel jour de la semaine est le premier avril,quel jour de la semaine est [date : le premier avril],datetime
French,test,360,quelle est l'heure actuelle,quelle est l'heure actuelle,datetime
French,test,362,joue la deuxième chanson de la musique de jaques brel,joue la deuxième chanson de la musique de [artist_name : jaques brel],play
French,test,366,s'il vous plaît dites-moi les dernières nouvelles,s'il vous plaît dites-moi les dernières nouvelles,news
French,test,369,éteindre les lumières,éteindre les lumières,iot
French,test,379,je veux que la musique soit enregistrer peux tu le faire pour moi,je veux que la musique soit enregistrer peux tu le faire pour moi,music
French,test,385,ce qui est sensationnel au temps de l'inde,ce qui est sensationnel au [media_type : temps de l'inde],news
French,test,389,allumer la prise intelligente,allumer la [device_type : prise intelligente],iot
French,test,391,jouer une musique aléatoire de ma playlist,jouer une musique aléatoire de ma playlist,play
French,test,393,jouer une chanson retro dans ma playlist,jouer une chanson [music_genre : retro] dans ma playlist,play
French,test,397,joue n'importe quelle chanson de dan luiten,joue n'importe quelle chanson de [artist_name : dan luiten],play
French,test,399,retire la première alarme,retire la première alarme,alarm
French,test,400,lance la musique,lance la musique,play
French,test,407,peux-tu jouer de la musique rock pendant la prochaine heure,peux-tu jouer de la musique [music_genre : rock] pendant [time : la prochaine heure],play
French,test,411,peux-tu me raconter une blague,peux-tu me raconter une blague,general
French,test,412,raconte moi une blague drôle,raconte moi une blague [joke_type : drôle],general
French,test,424,quelles sont les actualite,quelles sont les actualite,news
French,test,426,allumez un prise de courant,allumez [device_type : un prise de courant],iot
French,test,427,éteindre les lumières dans la salle de bain,éteindre les lumières dans la [house_place : salle de bain],iot
French,test,428,éteindre les lumières de la salle de bain,éteindre les lumières de la [house_place : salle de bain],iot
French,test,430,quel temps fait-il en ce moment,quel temps fait-il en ce moment,weather
French,test,437,ouvrir le dossier phoenix,ouvrir le dossier phoenix,play
French,test,441,quels sont les derniers titres de l'actualité,quels sont les derniers titres de l'actualité,news
French,test,442,ce qui se passe dans les nouvelles,ce qui se passe dans les nouvelles,news
French,test,443,augmente le volume,augmente le volume,audio
French,test,448,faire fonctionner la cafetière,faire fonctionner la [device_type : cafetière],iot
French,test,451,obtenez-moi le dernier cours de l'action pour costco,obtenez-moi le dernier [news_topic : cours de l'action] pour [news_topic : costco],news
French,test,456,change les lumières de la chambre à coucher au vert,change les lumières de la [house_place : chambre à coucher] au [color_type : vert],iot
French,test,468,changer les lumières pour tamiser,changer les lumières pour tamiser,iot
French,test,473,met le weekend,met le [song_name : weekend],play
French,test,475,quelles erreurs faites-vous habituellement,quelles erreurs faites-vous habituellement,general
French,test,484,qui est le chanteur de la chanson,qui est le chanteur de la chanson,music
French,test,486,quelle heure est-il dans la ville de new york,quelle heure est-il dans [place_name : la ville de new york],datetime
French,test,491,il fait froid dehors,il fait [weather_descriptor : froid] dehors,weather
French,test,494,c'est quoi une bonne blague,c'est quoi une [joke_type : bonne] blague,general
French,test,506,ouvre les chansons de major lazer,ouvre les chansons de [artist_name : major lazer],play
French,test,508,quelles alarmes sont réglées,quelles alarmes sont réglées,alarm
French,test,512,en obtenant des notes,en obtenant des notes,weather
French,test,525,prépare la commande dans les plus brefs délais,prépare la commande dans les plus brefs délais,takeaway
French,test,527,connaissez-vous des blagues,connaissez-vous des blagues,general
French,test,533,régler une alarme pour neuf heures du matin,régler une alarme pour [time : neuf heures du matin],alarm
French,test,540,joue la chanson ne me quitte pas de jacques brel,joue la chanson ne me quitte pas de [artist_name : jacques brel],play
French,test,555,jouer jacques brel ne me quitte pas,jouer jacques brel ne me quitte pas,play
French,test,560,désactiver l'alarme de huit heures du matin,désactiver l'alarme de [time : huit heures du matin],alarm
French,test,564,changer la couleur de la lumière,changer la couleur de la lumière,iot
French,test,576,jouer tout sur playlist,jouer tout sur playlist,play
French,test,585,montre les dernières nouvelles,montre les dernières nouvelles,news
French,test,588,quelles sont les nouvelles pour aujourd'hui,quelles sont les nouvelles pour [date : aujourd'hui],news
French,test,590,quel est le temps actuel,quel est le temps actuel,weather
French,test,608,débloque le son après,débloque le son après,audio
French,test,612,veuillez sonner le réveil à huit heures du matin samedi prochain,veuillez sonner le [alarm_type : réveil] à [time : huit heures du matin] [date : samedi] prochain,alarm
French,test,614,commence la playlist,commence la playlist,play
French,test,625,s'il te plaît joue la chanson de lorie pester,s'il te plaît joue la chanson de [artist_name : lorie pester],play
French,test,631,définir une notification pour les nouvelles sur le dakota pipeline,définir une notification pour les nouvelles sur le [news_topic : dakota pipeline],news
French,test,635,s'il vous plaît démarrer l' aspirateur,s'il vous plaît démarrer l' [device_type : aspirateur],iot
French,test,651,éteindre les lumières de la chambre,éteindre les lumières de la [house_place : chambre],iot
French,test,660,heure actuelle au japon,heure actuelle au [place_name : japon],datetime
French,test,665,peux-tu baisser les lumières,peux-tu baisser les lumières,iot
French,test,668,je veux deux hamburgers et un coca commande-le vite,je veux deux [food_type : hamburgers] et un [food_type : coca] commande-le vite,takeaway
French,test,680,tiens moi au courant du prix du bitcoin,tiens moi au courant du [news_topic : prix du bitcoin],news
French,test,686,quelle heure est-il maintenant à paris,quelle heure est-il maintenant à [place_name : paris],datetime
French,test,702,salut pouvez-vous s'il vous plaît abaisser les lumières,salut pouvez-vous s'il vous plaît abaisser les lumières,iot
French,test,712,je veux entendre les dernières nouvelles de c. n. n.,je veux entendre les dernières nouvelles de [media_type : c. n. n.],news
French,test,726,fais un sommaire des conditions météos de cette semaine,fais un sommaire des conditions météos [time : de cette semaine],weather
French,test,730,éteindre les lumières,éteindre les lumières,iot
French,test,738,comme il fait froid dehors aujourd'hui,comme il fait [weather_descriptor : froid] dehors [date : aujourd'hui],weather
French,test,751,ne parle pas jusqu'à ce que je vous le demande,ne parle pas jusqu'à ce que je vous le demande,audio
French,test,761,je veux connaître cette chanson,je veux connaître cette chanson,music
French,test,764,quelle est la météo pour cette semaine,quelle est la météo pour [date : cette semaine],weather
French,test,765,pourriez-vous s'il vous plaît me donner des nouvelles à jour de mon newest provider,pourriez-vous s'il vous plaît me donner des nouvelles à jour de mon [media_type : newest provider],news
French,test,767,pourriez-vous s'il vous plaît me trouver les dernières nouvelles d'une source que je ne vais pas habituellement,pourriez-vous s'il vous plaît me trouver les dernières nouvelles d'une source que je ne vais pas habituellement,news
French,test,768,parlez-moi des dernières nouvelles politique,parlez-moi des dernières nouvelles [news_topic : politique],news
French,test,779,je veux écouter la chanson snow de red hot chili peppers,je veux écouter la chanson [song_name : snow] de [artist_name : red hot chili peppers],play
French,test,781,joue bilando,joue [song_name : bilando],play
French,test,782,mets la chanson ne me quitte pas de jacques brel,mets la chanson ne me quitte pas de jacques brel,play
French,test,783,jouer les chansons d'amour,jouer les [song_name : chansons d'amour],play
French,test,790,temps doux ou lourd,temps [weather_descriptor : doux] ou [weather_descriptor : lourd],weather
French,test,796,confirme la programmation de mon alarme,confirme la programmation de mon alarme,alarm
French,test,804,tiens siri coupe le son des haut-parleurs,tiens siri coupe le son des haut-parleurs,audio
French,test,826,quelle est la température extérieure actuelle,quelle est la [weather_descriptor : température] extérieure actuelle,weather
French,test,827,joue la playlist de francis cabrel,joue la playlist de [artist_name : francis cabrel],play
French,test,832,salut quel sera le temps prévu pour demain,salut quel sera le temps prévu pour [date : demain],weather
French,test,837,quels sont les b. b. c. poll prévisions de sondage pour les prochaines élections américaines,quels sont les [media_type : b. b. c. poll] prévisions de sondage pour les [news_topic : prochaines élections américaines],news
French,test,843,démarrer le robot roomba,démarrer le [device_type : robot roomba],iot
French,test,861,mes alarmes réglées,mes alarmes réglées,alarm
French,test,862,paramètres des alarmes,paramètres des alarmes,alarm
French,test,864,passe robot aspirateur dans le salon maintenant,passe robot aspirateur dans le [house_place : salon] maintenant,iot
French,test,870,l'avis de sauvegarde,l'avis de sauvegarde,music
French,test,884,régler l'alarme à huit heures du matin,régler l'alarme à [time : huit heures du matin],alarm
French,test,891,mets de la musique chrétienne,mets de la musique [music_descriptor : chrétienne],play
French,test,897,faire que la maison s' allume en ambre à six heures de l'après-midi,faire que la [house_place : maison] s' allume en [color_type : ambre] à [time : six heures de l'après-midi],iot
French,test,914,veuillez éteindre les lumières,veuillez éteindre les lumières,iot
French,test,920,s’il te plaît retire mon alarmes,s’il te plaît retire mon alarmes,alarm
French,test,931,enregistrer cette chanson j' aime,enregistrer cette chanson j' aime,music
French,test,936,ouvre et joue la musique de ma liste de lecture jogging,ouvre et joue la musique de ma [playlist_name : liste de lecture jogging],play
French,test,939,régler mon réveil à sept heures du matin,régler mon réveil à [time : sept heures du matin],alarm
French,test,940,allumer mon réveil matin,allumer mon réveil [timeofday : matin],alarm
French,test,944,quel est le décalage horaire entre ici et le japon,quel est le décalage horaire entre ici et le [place_name : japon],datetime
French,test,951,quelle est la météo maintenant à paris,quelle est la météo maintenant à [place_name : paris],weather
French,test,962,augmenter la luminosité des lumières,augmenter la luminosité des lumières,iot
French,test,964,je veux des lumières tamisées,je veux des lumières tamisées,iot
French,test,967,puis-je avoir des plats à emporter de pf changs,puis-je avoir des plats [order_type : à emporter] de [business_name : pf changs],takeaway
French,test,969,articles de presse sur un sujet particulier,articles de presse sur un sujet particulier,news
French,test,974,quelle heure est-il à paris maintenant,quelle heure est-il à [place_name : paris] maintenant,datetime
French,test,997,éteindre la lumière du salon,éteindre la lumière [house_place : du salon],iot
French,test,999,pourrais-tu éteindre la lumière,pourrais-tu éteindre la lumière,iot
French,test,1007,joue téléphone de ma liste de lecture rock,joue [artist_name : téléphone] de ma liste de lecture [music_genre : rock],play
French,test,1014,quelle heure est-il maintenant à londres,quelle heure est-il maintenant à [place_name : londres],datetime
French,test,1030,diminue les lumières du salon,diminue les lumières du [house_place : salon],iot
French,test,1042,ouvrez l'application de dossier s'il vous plaît,ouvrez l'application de dossier s'il vous plaît,takeaway
French,test,1043,appelle le restaurant thaïlandais le plus proche avec livraison,appelle le [business_type : restaurant] [food_type : thaïlandais] le plus proche avec [order_type : livraison],takeaway
French,test,1047,j'ai besoin de pleurer peux-tu me jouer des chansons rock tristes,j'ai besoin de pleurer peux-tu me jouer des chansons [music_genre : rock] [music_descriptor : tristes],play
French,test,1048,baisse le volume des hauts-parleurs,baisse le volume des hauts-parleurs,audio
French,test,1059,allume l' aspirateur robot,allume l' [device_type : aspirateur robot],iot
French,test,1061,me tenir au date de l'actualité sports,me tenir au date de l'actualité [news_topic : sports],news
French,test,1063,recevoir une notification toutes les heures sur les nouvelles sports,recevoir une notification [general_frequency : toutes les heures] sur les nouvelles [news_topic : sports],news
French,test,1065,où est le réglage du volume,où est le réglage du volume,audio
French,test,1071,allume les lumières dans le couloir,allume les lumières dans le [house_place : couloir],iot
French,test,1072,s'il vous plaît augmenter la luminosité de l' écran tout le chemin,s'il vous plaît augmenter la luminosité de l' [device_type : écran] [change_amount : tout le] chemin,iot
French,test,1076,ne joue pas de heavy metal,ne joue pas de [music_genre : heavy metal],music
French,test,1084,convivial,convivial,news
French,test,1090,pouvez-vous augmenter la luminosité dans la chambre,pouvez-vous augmenter la luminosité dans la [house_place : chambre],iot
French,test,1093,aller sur le site internet du washington post,aller sur le site internet du [media_type : washington post],news
French,test,1098,quel jour de la semaine est le quinze mars,quel jour de la semaine est [date : le quinze mars],datetime
French,test,1108,mon désir c'est d'écouter un peu de musique country,mon désir c'est d'écouter un peu de musique [music_genre : country],play
French,test,1115,coordonne tous les genres de chansons pop,coordonne tous les genres de chansons [music_genre : pop],play
French,test,1120,y a-t-il quelque chose de spécial en politic,y a-t-il quelque chose de spécial en [news_topic : politic],news
French,test,1121,joue ne me quitte pas par jacques brel,joue ne me quitte pas par jacques brel,play
French,test,1123,la prochaine chanson jacques brel ne me quitte pas,la prochaine chanson jacques brel ne me quitte pas,play
French,test,1124,préparer ne me quitte pas de jacques brel à être ensuite lancé,préparer [song_name : ne me quitte pas] de [artist_name : jacques brel] à être ensuite lancé,play
French,test,1127,jouer toutes les chansons en mode aléatoire,jouer toutes les chansons en [player_setting : mode aléatoire],play
French,test,1144,j'ai besoin de rap,j'ai besoin de [music_genre : rap],play
French,train,1,réveille-moi à neuf heures du matin le vendredi,réveille-moi à [time : neuf heures du matin] le [date : vendredi],alarm
French,train,2,régler une alarme pour deux heures à partir dès maintenant,régler une alarme pour [time : deux heures à partir dès maintenant],alarm
French,train,4,olly silence,olly silence,audio
French,train,5,stop,stop,audio
French,train,6,olly mets en pause pour dix secondes,olly mets en pause pour [time : dix secondes],audio
French,train,7,pause pendant dix secondes,pause pendant [time : dix secondes],audio
French,train,9,rendre la luminosité un peu plus chaud ici,rendre la luminosité un peu plus [color_type : chaud] ici,iot
French,train,10,merci de régler l'éclairage adapté à la lecture,merci de régler l'éclairage [color_type : adapté à la lecture],iot
French,train,12,l'heure de dormir,l'heure de dormir,iot
French,train,13,l'heure de dormir olly,l'heure de dormir olly,iot
French,train,15,éteindre la lumière dans la salle de bain,éteindre la lumière dans la [house_place : salle de bain],iot
French,train,16,olly tamiser les lumières dans la salle,olly tamiser les lumières dans la [house_place : salle],iot
French,train,18,éteins les lumières dans la chambre,éteins les lumières dans la [house_place : chambre],iot
French,train,20,régler les lumières à vingt pour cent,régler les lumières [change_amount : à vingt pour cent],iot
French,train,21,olly régler les lumières à vingt pour cent,olly régler les lumières [change_amount : à vingt pour cent],iot
French,train,22,tamiser les lumières dans la cuisine olly,tamiser les lumières dans la [house_place : cuisine] olly,iot
French,train,23,tamiser les lumières dans la cuisine,tamiser les lumières dans la [house_place : cuisine],iot
French,train,25,olly nettoie la télévision,olly nettoie la [house_place : télévision],iot
French,train,28,passer l'aspirateur dans la maison,passer l'aspirateur dans la [house_place : maison],iot
French,train,29,olly passer l'aspirateur dans la maison,olly passer l'aspirateur dans la [house_place : maison],iot
French,train,32,passer l'aspirateur sur les tapis autour,passer l'aspirateur sur les [house_place : tapis] autour,iot
French,train,33,vérifier quand le spectacle commence,vérifier quand le spectacle commence,calendar
French,train,34,je veux écouter la chanson de jacques brel encore une fois,je veux écouter la chanson de [artist_name : jacques brel] encore une fois,play
French,train,35,je veux rejouer cette musique,je veux rejouer cette [media_type : musique],play
French,train,36,vérifier que ma voiture est prête,vérifier que ma voiture est prête,general
French,train,37,vérifier que mon ordinateur portable fonctionne,vérifier que mon ordinateur portable fonctionne,general
French,train,38,la luminosité de mon écran est-elle faible,la luminosité de mon écran est-elle faible,general
French,train,39,j'ai besoin d'avoir des services de localisation pouvez-vous vérifier,j'ai besoin d'avoir des services de localisation pouvez-vous vérifier,general
French,train,40,vérifier le statut de ma consommation énergie,vérifier le statut de ma consommation énergie,general
French,train,43,je ne suis pas fatigué je suis vraiment heureux,je ne suis pas fatigué je suis vraiment heureux,general
French,train,44,olly je ne suis pas fatigué je suis en fait heureux,olly je ne suis pas fatigué je suis en fait heureux,general
French,train,45,quoi de neuf,quoi de neuf,general
French,train,48,dis-moi l'heure à bordeaux,dis-moi l'heure à [place_name : bordeaux],datetime
French,train,49,dis-moi l'heure en t.m.g. plus cinq,dis-moi l'heure en [time_zone : t.m.g. plus cinq],datetime
French,train,51,olly liste les options de livraison les plus cotées pour la nourriture chinoise,olly liste les options de [order_type : livraison] les plus cotées pour la nourriture [food_type : chinoise],takeaway
French,train,52,les options de livraison les plus notées pour du chinois,les options de [order_type : livraison] les plus notées pour du [food_type : chinois],takeaway
French,train,54,olly les options de livraison les plus notées pour du chinois,olly les options de [order_type : livraison] les plus notées pour du [food_type : chinois],takeaway
French,train,55,je veux du piment pour toutes les recommandations,je veux du [food_type : piment] pour toutes les recommandations,takeaway
French,train,56,je veux du curry pour toutes les recommandations olly,je veux du [food_type : curry] pour toutes les recommandations olly,takeaway
French,train,57,trouve mes plats à emporter thaïlandais autour de la concorde,trouve mes [order_type : plats à emporter] [food_type : thaïlandais] autour de [place_name : la concorde],takeaway
French,train,60,arrêter l'alarme de sept heures du matin,arrêter l'alarme de [time : sept heures du matin],alarm
French,train,62,veuillez lister les alarmes actives,veuillez lister les alarmes actives,alarm
French,train,65,ce qui se passe dans le football aujourd'hui,ce qui se passe dans le [news_topic : football] [date : aujourd'hui],news
French,train,66,s'il te plais joue j' ai demandé à la lune d' indochine,s'il te plais joue j' ai demandé à la lune d' [artist_name : indochine],play
French,train,69,j'aime la musique rock,j'aime la musique [music_genre : rock],music
French,train,70,ma musique favori de mon groupe phoenix,ma musique favori de mon groupe [artist_name : phoenix],music
French,train,72,commence à jouer musique de préfèré,commence à jouer musique de préfèré,play
French,train,73,s'il te plaît joue ma meilleure musique,s'il te plaît joue ma meilleure musique,play
French,train,75,qui est l'auteur de la musique actuelle,qui est l'auteur de la musique actuelle,music
French,train,76,de quel album est cette musique actuelle,de quel album est cette musique actuelle,music
French,train,77,olly j'apprécie vraiment cette chanson,olly j'apprécie vraiment cette chanson,music
French,train,78,la chanson que tu es en train de jouer est incroyable,la chanson que tu es en train de jouer est incroyable,music
French,train,79,ceci est une des meilleures chansons pour moi,ceci est une des meilleures chansons pour moi,music
French,train,81,éclaircir les lumières,éclaircir les lumières,iot
French,train,82,augmenter les lumières au maximum s'il vous plaît,augmenter les lumières [change_amount : au maximum] s'il vous plaît,iot
French,train,83,salut démarrez le robot aspirateur,salut démarrez le [device_type : robot aspirateur],iot
French,train,84,allumer le robot nettoyeur,allumer le [device_type : robot nettoyeur],iot
French,train,87,s'il te plaît commande du sushi pour le dîner,s'il te plaît commande du [food_type : sushi] pour le [meal_type : dîner],takeaway
French,train,88,salut j'aimerais que tu commandes un hamburger,salut j'aimerais que tu commandes un [food_type : hamburger],takeaway
French,train,91,puis-je commander un dîner à emporter chez byron's,puis-je commander un [meal_type : dîner] [order_type : à emporter] chez [business_name : byron's],takeaway
French,train,92,est-ce que byron's prend en charge les plats à emporter,est-ce que [business_name : byron's] prend en charge [order_type : les plats à emporter],takeaway
French,train,93,régler une alarme pour douze,régler une alarme pour [time : douze],alarm
French,train,94,régler une alarme dans quarante minutes,régler une alarme dans quarante minutes,alarm
French,train,95,régler l'alarme pour huit tous les jours de la semaine,régler l'alarme pour [time : huit] tous les jours de la semaine,alarm
French,train,96,il pleut,il [weather_descriptor : pleut],weather
French,train,97,va t'il pleuvoir,va t'il pleuvoir,weather
French,train,98,est-ce qu'il neige actuellement,est-ce qu'il neige actuellement,weather
French,train,101,quel est le temps cette semaine,quel est le temps [date : cette semaine],weather
French,train,104,dis moi b. b. c. nouvelles,dis moi [media_type : b. b. c.] nouvelles,news
French,train,105,quelles sont les nouvelles sur b. b. c. nouvelles,quelles sont les nouvelles sur [media_type : b. b. c.] nouvelles,news
French,train,106,quel est les dernières nouvelles de b. b. c.,quel est les dernières nouvelles [media_type : de b. b. c.],news
French,train,108,joue un chant que j' aime,joue un chant que j' aime,play
French,train,110,joue daft punk,joue [artist_name : daft punk],play
French,train,111,joue un peu de coldplay,joue un peu de [artist_name : coldplay],play
French,train,114,mélange cette liste de lecture,[player_setting : mélange] cette liste de lecture,music
French,train,116,qu'est-ce qui est joué,qu'est-ce qui est joué,music
French,train,117,cest musique est la quelle,cest musique est la quelle,music
French,train,118,dis-moi l'artiste de cette chanson,dis-moi l'artiste de cette chanson,music
French,train,119,fais moi rire,fais moi rire,general
French,train,120,olly me fait rire,olly me fait rire,general
French,train,121,dis moi une bonne blague,dis moi une [joke_type : bonne] blague,general
French,train,123,dit moi une blague,dit moi une blague,general
French,train,125,alexa dit moi une blague,alexa dit moi une blague,general
French,train,126,réconforte moi,réconforte moi,general
French,train,129,parle moi d'aujourd'hui,parle moi [date : d'aujourd'hui],general
French,train,130,commande une pizza,commande une [food_type : pizza],takeaway
French,train,131,commande moi un byron chez deliveroo,commande moi un [food_type : byron] chez [business_name : deliveroo],takeaway
French,train,133,quand est-ce que ma commande arrive,quand est-ce que ma commande arrive,takeaway
French,train,134,combien de temps avant ma commande à emporter,combien de temps avant ma commande [order_type : à emporter],takeaway
French,train,135,état de livraison de domino's,état de [order_type : livraison] de [business_name : domino's],takeaway
French,train,136,qu'est-ce qui joue,qu'est-ce qui joue,music
French,train,137,dis moi le nom de la chanson,dis moi le nom de la chanson,music
French,train,139,joue ma playlist jazz,joue ma playlist [music_genre : jazz],play
French,train,140,commence ma playlist de jazz,commence ma playlist de [music_genre : jazz],play
French,train,141,jouer ma liste de lecture préférée,jouer ma liste de lecture préférée,play
French,train,142,c'est une bonne chanson,c'est une bonne chanson,music
French,train,143,je n'aime pas ça,je n'aime pas ça,music
French,train,144,je l' aime,je l' aime,music
French,train,145,j'aime le jazz,j'aime le [music_genre : jazz],music
French,train,146,peux-tu jouer du jazz,peux-tu jouer du [music_genre : jazz],play
French,train,149,cette chanson était très bonne,cette chanson était très bonne,music
French,train,152,change le volume,change le volume,audio
French,train,153,active le mode aléatoire,active le [player_setting : mode aléatoire],music
French,train,154,enregistre les paramètres,enregistre les paramètres,music
French,train,155,régler la luminosité à cinquante pour cent,régler la luminosité [change_amount : à cinquante pour cent],iot
French,train,156,baisse la luminosité,baisse la luminosité,iot
French,train,157,réduis la luminosité,réduis la luminosité,iot
French,train,159,diminuer la luminosité,diminuer la luminosité,iot
French,train,160,tamiser les lumières,tamiser les lumières,iot
French,train,161,olly tamiser les lumières,olly tamiser les lumières,iot
French,train,162,fais-moi un café,fais-moi un café,iot
French,train,163,olly fais-moi un café,olly fais-moi un café,iot
French,train,164,je veux un café,je veux un café,iot
French,train,165,j'ai envie d'un café maintenant,j'ai envie d'un café maintenant,iot
French,train,166,comment allez-vous,comment allez-vous,general
French,train,172,régler l'alarme à dix heures du matin,régler l'alarme à [time : dix heures du matin],alarm
French,train,175,dites-moi les dernières nouvelles de la technologie,dites-moi les dernières nouvelles de la [news_topic : technologie],news
French,train,176,dites-moi les dernières nouvelles de la technologie,dites-moi les dernières nouvelles de la [news_topic : technologie],news
French,train,179,dis-moi la météo,dis-moi la météo,weather
French,train,180,quel est le temps maintenant,quel est le temps maintenant,weather
French,train,181,est-ce qu'il pleut maintenant,est-ce qu'il [weather_descriptor : pleut] maintenant,weather
French,train,183,active ma liste de lecture michael jackson,active ma liste de lecture [artist_name : michael jackson],play
French,train,184,jouer au michael jackson dans ma playlist,jouer au [artist_name : michael jackson] dans ma playlist,play
French,train,186,jouer la dernière chanson préféré de ma playlist,jouer [song_name : la dernière chanson] préféré de ma playlist,play
French,train,187,augmente le volume,augmente le volume,audio
French,train,190,allume la prise,allume la [device_type : prise],iot
French,train,191,allume la prise,allume la [device_type : prise],iot
French,train,192,allumer ma prise,allumer ma [device_type : prise],iot
French,train,193,raconte moi des blagues,raconte moi des blagues,general
French,train,194,connaissez-vous des blagues,connaissez-vous des blagues,general
French,train,195,quelle heure est il,quelle heure est il,datetime
French,train,196,dit moi l'heure,dit moi l'heure,datetime
French,train,198,est-ce que dominoes font à emporter,est-ce que [food_type : dominoes] font [order_type : à emporter],takeaway
French,train,199,est-ce que ma pizzeria préférée est disponible pour des commandes à emporter,est-ce que ma [food_type : pizzeria] préférée est disponible pour des commandes [order_type : à emporter],takeaway
French,train,200,puis-je commander un plat espagnol à emporter,puis-je commander un plat [food_type : espagnol] [order_type : à emporter],takeaway
French,train,202,retire l’alarme,retire l’alarme,alarm
French,train,203,montre moi les alarmes que j'ai réglées,montre moi les alarmes que j'ai réglées,alarm
French,train,204,ai-je des alarmes,ai-je des alarmes,alarm
French,train,205,afficher les alarmes,afficher les alarmes,alarm
French,train,206,quel temps fait-il à paris,quel temps fait-il à [place_name : paris],weather
French,train,207,dis-moi la météo en monaco,dis-moi la météo en [place_name : monaco],weather
French,train,209,s'il vous plaît rendre les lumières conviviales pour la lecture amicale,s'il vous plaît rendre les lumières conviviales pour la [color_type : lecture amicale],iot
French,train,210,s'il vous plaît rendre les lumières amicales,s'il vous plaît rendre les lumières [color_type : amicales],iot
French,train,211,rends la chambre plus lumineuse,rends la [house_place : chambre] plus lumineuse,iot
French,train,212,et la lumière a démarré,et la lumière a démarré,iot
French,train,213,quelle est la date aujourd'hui,quelle est la date [date : aujourd'hui],datetime
French,train,214,quel jour sommes-nous aujourd'hui,quel jour sommes-nous [date : aujourd'hui],datetime
French,train,215,dit moi la date,dit moi la date,datetime
French,train,218,est-ce qu'il pleut dehors olly,est-ce qu'il [weather_descriptor : pleut] dehors olly,weather
French,train,221,changer les lumières en verte,changer les lumières en [color_type : verte],iot
French,train,222,ajoute cette chanson à ma liste de favoris,ajoute cette chanson à ma liste de favoris,music
French,train,223,quelle est cette chanson,quelle est cette chanson,music
French,train,224,olly lumières éteints,olly lumières éteints,iot
French,train,225,lumières éteintes,lumières éteintes,iot
French,train,226,nettoie le sol s'il te plaît,nettoie le [house_place : sol] s'il te plaît,iot
French,train,227,active la prise de cuiseur à riz,active la [device_type : prise de cuiseur à riz],iot
French,train,228,éteindre la prise de cuiseur à riz,éteindre la [device_type : prise de cuiseur à riz],iot
French,train,231,pourriez-vous s'il vous plaît m'aider à commander des sushis de deliveroo,pourriez-vous s'il vous plaît m'aider à commander des [food_type : sushis] de [business_name : deliveroo],takeaway
French,train,233,régler une alarme pour quatre heures de l'après-midi,régler une alarme pour [time : quatre] heures de [timeofday : l'après-midi],alarm
French,train,234,olly allerte moi a trois heures de l'après-midi pour que j'aille au concert,olly allerte moi a [time : trois heures de l'après-midi] pour que j'aille au [event_name : concert],alarm
French,train,235,préviens-moi à trois heures du soir pour aller au concert,préviens-moi à [time : trois heures du soir] pour aller au [event_name : concert],alarm
French,train,236,ai-je une alarme réglée pour le vol du matin,ai-je une alarme réglée pour le [event_name : vol] du [timeofday : matin],alarm
French,train,238,y a-t-il des alarmes,y a-t-il des alarmes,alarm
French,train,239,il est en train de pleuvoir à québec,il est [weather_descriptor : en train de pleuvoir] à [place_name : québec],weather
French,train,240,va-t-il pleuvoir aujourd'hui,va-t-il [weather_descriptor : pleuvoir] [date : aujourd'hui],weather
French,train,241,que se passe-t-il dehors,que se passe-t-il dehors,weather
French,train,243,ce qui se passe dans le monde,ce qui se passe dans le [place_name : monde],news
French,train,244,que se passe-t-il à cambridge,que se passe-t-il à [place_name : cambridge],news
French,train,245,montre moi des nouvelles de b. b. c.,montre moi des nouvelles de [media_type : b. b. c.],news
French,train,246,olly montre moi des nouvelles b. b. c.,olly montre moi des nouvelles [media_type : b. b. c.],news
French,train,247,jouer c. n. n. nouvelles,jouer [media_type : c. n. n.] nouvelles,news
French,train,248,olly hackernews,olly [media_type : hackernews],news
French,train,249,met un peu de hihop,met un peu de [music_genre : hihop],play
French,train,252,death metal maintenant,death [music_genre : metal] maintenant,play
French,train,255,olly quelle musique j'aime habituellement après le travail,olly quelle musique j'aime habituellement après le travail,music
French,train,257,olly joue la musique de mon pianiste préféré,olly joue la musique de mon [music_genre : pianiste] préféré,play
French,train,259,tu es trop bruyant,tu es trop bruyant,audio
French,train,260,je peux à peine t'entendre olly,je peux à peine t'entendre olly,audio
French,train,262,allume les lumières en bleu,allume les lumières en [color_type : bleu],iot
French,train,264,fais briller les lumières en bleu,fais [color_type : briller] les lumières [color_type : en bleu],iot
French,train,265,olly bonne nuit lumières éteintes,olly bonne nuit lumières éteintes,iot
French,train,267,il fait terriblement sombre ici,il fait terriblement sombre ici,iot
French,train,268,rends les lumières plus lumineuses,rends les lumières plus lumineuses,iot
French,train,269,olly il fait trop sombre je ne peux même pas voir mes mains,olly il fait trop sombre je ne peux même pas voir mes mains,iot
French,train,270,quelle est l'heure,quelle est l'heure,datetime
French,train,273,quelle est la chanson,quelle est la chanson,music
French,train,274,olly quelle est la chanson,olly quelle est la chanson,music
French,train,275,que veut dire le chanteur dans le titre de la chanson je suis malade,que veut dire le chanteur dans le titre de la chanson [song_name : je suis malade],music
French,train,276,qui a repris la chanson ma philosophie,qui a repris la chanson [song_name : ma philosophie],music
French,train,277,quelle est la météo à paris,quelle est la météo à [place_name : paris],weather
French,train,278,comment est le temps à lyon,comment est le temps à [place_name : lyon],weather
French,train,280,quel est l'état actuel des négociations sur le brexit,quel est l'état actuel des [news_topic : négociations sur le brexit],news
French,train,282,qui va gagner les prochaines élections en france,qui va gagner les prochaines [news_topic : élections] en france,news
French,train,283,attends-tu du soleil le dimanche,attends-tu du [weather_descriptor : soleil] le [date : dimanche],weather
French,train,284,va-t-il pleuvoir le soir,va-t-il [weather_descriptor : pleuvoir] [timeofday : le soir],weather
French,train,285,va-t-il y avoir du vent demain,va-t-il y avoir [weather_descriptor : du vent] [date : demain],weather
French,train,287,éclairer la lampe à côté du canapé,éclairer la [device_type : lampe à côté du canapé],iot
French,train,288,éclairer la lumière,éclairer la lumière,iot
French,train,289,quelle heure est-il à bruxelles maintenant,quelle heure est-il à [place_name : bruxelles] maintenant,datetime
French,train,291,passer l'aspirateur dans la cuisine,passer l'aspirateur dans la [house_place : cuisine],iot
French,validation,11,éteigne les lumières s'il te plait,éteigne les lumières s'il te plait,iot
French,validation,17,tamiser les lumières dans la salle,tamiser les lumières dans la [house_place : salle],iot
French,validation,24,rendre une chambre foncée,rendre une [house_place : chambre] foncée,iot
French,validation,26,nettoyer la télévision,nettoyer la [house_place : télévision],iot
French,validation,30,le nettoyage est bon la poussière est si mauvaise fais maintenant ta magie nettoie mon tapis,le nettoyage est bon la poussière est si mauvaise fais maintenant ta magie nettoie mon [house_place : tapis],iot
French,validation,42,donne-moi l'état de ma mémoire disponible,donne-moi l'état de ma mémoire disponible,general
French,validation,53,liste les options de livraison les plus notées pour la nourriture chinois,liste les options de [order_type : livraison] les plus notées pour la nourriture [food_type : chinois],takeaway
French,validation,58,trouve mes plats à emporter thaïlandais autour de la concorde,trouve mes [order_type : plats à emporter] [food_type : thaïlandais] autour de [place_name : la concorde],takeaway
French,validation,67,j'aimerais écouter ne me quitte pas de jacques brel,j'aimerais écouter [song_name : ne me quitte pas] de [artist_name : jacques brel],play
French,validation,68,jouer moi jacques brel ne me quitte pas,jouer moi jacques brel ne me quitte pas,play
French,validation,74,quel est le groupe qui chante maintenant,quel est le groupe qui chante maintenant,music
French,validation,90,qu'est-ce qu'il y a avec ma commande de dîner,qu'est-ce qu'il y a avec ma commande de dîner,takeaway
French,validation,99,quelles sont les prévisions de cette semaine,quelles sont les prévisions [time : de cette semaine],weather
French,validation,107,joue ne me quitte pas,joue [song_name : ne me quitte pas],play
French,validation,109,jouer la chanson ne me quitte pas,jouer la chanson ne me quitte pas,play
French,validation,112,joue un peu de jaques brel,joue un peu de [artist_name : jaques brel],play
French,validation,113,boucle cette piste,[player_setting : boucle] cette piste,music
French,validation,115,règle le volume sur le niveau bas,règle le volume sur le niveau [change_amount : bas],audio
French,validation,127,quel jour sommes-nous aujourd'hui,quel jour sommes-nous [date : aujourd'hui],datetime
French,validation,138,qu'elle est cette chanson,qu'elle est cette chanson,music
French,validation,147,j'aime écouter le jazz,j'aime écouter le [music_genre : jazz],play
French,validation,148,olly j'aime écouter le jazz,olly j'aime écouter le [music_genre : jazz],play
French,validation,167,hé hé,hé hé,general
French,validation,173,régler l'alarme demain à six heures du matin,régler l'alarme [date : demain] à [time : six heures du matin],alarm
French,validation,188,monter le volume,monter le volume,audio
French,validation,217,est-ce qu'il pleut dehors,est-ce qu'il [weather_descriptor : pleut] dehors,weather
French,validation,229,quelle heure est-il à marseille,quelle heure est-il à [place_name : marseille],datetime
French,validation,230,quelle heure est-il à ottawa,quelle heure est-il à [place_name : ottawa],datetime
French,validation,232,régler une alarme à six heures du matin,régler une alarme à [time : six] heures du [timeofday : matin],alarm
French,validation,237,est-ce que j'ai mis une alarme pour se réveiller le matin,est-ce que j'ai mis une alarme pour se réveiller le [timeofday : matin],alarm
French,validation,242,ce qui se passe en amérique,ce qui se passe en [place_name : amérique],news
French,validation,251,olly death metal maintenant,olly death [music_genre : metal] maintenant,play
French,validation,271,quelle heure est-il à bruxelles maintenant,quelle heure est-il à [place_name : bruxelles] maintenant,datetime
French,validation,295,dis-moi les gros titres de journal aujourd'hui,dis-moi les gros titres de [media_type : journal] [date : aujourd'hui],news
French,validation,298,joue à chopin,joue à [artist_name : chopin],play
French,validation,311,quel jour est le jour du souvenir cette année,quel jour est le jour du souvenir [date : cette année],datetime
French,validation,312,il fait trop sombre ici,il fait trop sombre ici,iot
French,validation,318,va-t-il pleuvoir demain,va-t-il [weather_descriptor : pleuvoir] [date : demain],weather
French,validation,331,plus doux,plus doux,audio
French,validation,345,quelle sera la température dehors demain,quelle sera la [weather_descriptor : température] dehors [date : demain],weather
French,validation,346,quelles sont les prévisions météorologiques pour demain,quelles sont les prévisions météorologiques [date : pour demain],weather
French,validation,353,quel jour de la semaine tombe le vingt deux mars,quel jour de la semaine tombe le [date : vingt deux mars],datetime
French,validation,365,est-ce lundi aujourd'hui,est-ce [date : lundi aujourd'hui],datetime
French,validation,368,quel temps fait-il à paris,quel temps fait-il à [place_name : paris],weather
French,validation,375,est-ce qu'il fait ensoleillé à nice maintenant,est-ce qu'il fait [weather_descriptor : ensoleillé] à [place_name : nice] maintenant,weather
French,validation,387,faites-moi savoir dès qu'il y a plus de nouvelles sur le brexit,faites-moi savoir dès qu'il y a plus de nouvelles sur le [news_topic : brexit],news
French,validation,388,éteindre la prise intelligente,éteindre la [device_type : prise intelligente],iot
French,validation,392,jouer une chanson de mes favoris,jouer une chanson de mes favoris,play
French,validation,406,je voudrais écouter de la musique pop s'il te plaît,je voudrais écouter de la musique [music_genre : pop] s'il te plaît,play
French,validation,415,changer les lumières de ma chambre pour que je puisse bien dormir,changer les lumières de ma chambre pour que je puisse [color_type : bien dormir],iot
French,validation,431,quel temps fera-t-il vendredi,quel temps fera-t-il [date : vendredi],weather
French,validation,434,quel jour sommes-nous aujourd'hui,quel jour sommes-nous [date : aujourd'hui],datetime
French,validation,439,dois-je porter une veste aujourd'hui,dois-je porter une [weather_descriptor : veste] [date : aujourd'hui],weather
French,validation,444,désactiver la lecture aléatoire,[player_setting : désactiver la lecture aléatoire],music
French,validation,465,quelle est la date,quelle est la date,datetime
French,validation,476,qu'est-ce que tu ne peux pas faire,qu'est-ce que tu ne peux pas faire,general
French,validation,480,dit moi l'heure,dit moi l'heure,datetime
French,validation,490,fait-il chaud à l'extérieur,fait-il [weather_descriptor : chaud] à l'extérieur,weather
French,validation,510,ai-je une alarme réglée,ai-je une alarme réglée,alarm
French,validation,511,par la formule appropriée,par la formule appropriée,weather
French,validation,516,coupe le son pour la prochaine heure s'il vous plaît,coupe le son pour la [time : prochaine heure] s'il vous plaît,audio
French,validation,517,joue ma chanson préférée,joue ma chanson préférée,play
French,validation,523,est ce qu'il pleut,est ce qu'il pleut,weather
French,validation,532,s'il te plaît dis-moi des nouvelles au niveau international,s'il te plaît dis-moi des nouvelles au niveau [place_name : international],news
French,validation,534,programmer un réveil téléphonique pour dix heures du matin,programmer un réveil téléphonique pour [time : dix heures du matin],alarm
French,validation,536,faire une alarme pour trois p. m.,faire une alarme pour trois p. m.,alarm
French,validation,538,régler une alarme pour une heure du soir,régler une alarme pour [time : une heure du soir],alarm
French,validation,541,jouer la chanson immédiatement,jouer la chanson [song_name : immédiatement],play
French,validation,552,envoie-moi les paroles de cette chanson,envoie-moi les paroles de cette chanson,music
French,validation,562,me débarrasser de mon alarme de huit heures du matin,me débarrasser de mon alarme de [time : huit heures du matin],alarm
French,validation,582,va-t-il pleuvoir demain,[weather_descriptor : va-t-il] pleuvoir [date : demain],weather
French,validation,595,je veux écouter ne me quitte pas jacques brel,je veux écouter ne me quitte pas jacques brel,play
French,validation,601,démarrer l'alarme,démarrer l'alarme,alarm
French,validation,610,je veux me lever à six heures demain matin s'il vous plait,je veux me lever à six heures [date : demain] matin s'il vous plait,alarm
French,validation,616,olly joue des chansons de ma playlist,olly joue des chansons de ma playlist,play
French,validation,617,quel jour de la semaine est action de grâces,quel jour de la semaine est [event_name : action de grâces],datetime
French,validation,626,s'il te plaît fais-moi écouter ne me quitte pas,s'il te plaît fais-moi écouter ne me quitte pas,play
French,validation,638,peux-tu trouver une blague sur les animaux pour moi,peux-tu trouver une blague sur les [joke_type : animaux] pour moi,general
French,validation,657,quel est le statut de la météo actuelle,quel est le statut de la météo actuelle,weather
French,validation,658,quelle heure est-il maintenant en californie,quelle heure est-il maintenant en [place_name : californie],datetime
French,validation,676,définir le fuseau horaire,définir le fuseau horaire,datetime
French,validation,678,allumez la télévision prise quand je arrive à la maison,allumez la [device_type : télévision] prise quand je arrive à la maison,iot
French,validation,682,suivre les nouvelles sur le problème d'email hilarant à future,suivre les nouvelles sur le [news_topic : problème d'email hilarant] à [time : future],news
French,validation,689,baisse le volume,baisse le volume,audio
French,validation,691,je ne peux pas entendre augmente le volume,je ne peux pas entendre augmente le volume,audio
French,validation,697,pouvez-vous éclairer les lumières s'il vous plaît,pouvez-vous éclairer les lumières s'il vous plaît,iot
French,validation,707,je veux écouter jacques brel maintenant,je veux écouter jacques brel maintenant,play
French,validation,708,qui mène actuellement la course de formule un,qui mène actuellement la course de [news_topic : formule un],news
French,validation,710,préparer du café,préparer du café,iot
French,validation,711,lire les gros titres du new york times,lire les gros titres du [media_type : new york times],news
French,validation,718,puis-je connaître les dernières nouvelles de c. n. n.,puis-je connaître les dernières nouvelles de [media_type : c. n. n.],news
French,validation,737,pourriez-vous baisser le ton s'il vous plaît,pourriez-vous baisser le ton s'il vous plaît,audio
French,validation,741,joue des chansons du genre soul et rnb,joue des chansons du genre [music_genre : soul] et [artist_name : rnb],play
French,validation,756,pouvez-vous éteindre la prise de courant wemo,pouvez-vous éteindre la [device_type : prise de courant wemo],iot
French,validation,762,quel temps fait t'il cette semaine,quel temps fait t'il [date : cette semaine],weather
French,validation,763,quel temps fera-t-il cette semaine,quel temps fera-t-il [date : cette semaine],weather
French,validation,776,dis-moi si un earthquake se produit dans le monde,dis-moi si un [news_topic : earthquake] se produit dans le monde,news
French,validation,778,boogie in your butt par eddie murphy,[song_name : boogie in your butt] par [artist_name : eddie murphy],play
French,validation,803,hey olly mets les hauts-parleurs en silencieux,hey olly mets les hauts-parleurs en silencieux,audio
French,validation,806,baisse le volume des haut-parleurs s'il vous plaît,baisse le volume des haut-parleurs s'il vous plaît,audio
French,validation,807,faire du café maintenant,faire du café maintenant,iot
French,validation,817,ok google joue de la musique,ok google joue de la musique,play
French,validation,835,quels sont les derniers potins hollywood qui se passent,quels sont les derniers potins [news_topic : hollywood] qui se passent,news
French,validation,851,éclairer les lumières,éclairer les lumières,iot
French,validation,885,alarme réglée à huit heures du matin,alarme réglée à [time : huit heures du matin],alarm
French,validation,895,éteindre l'alarme de six heures du matin pour mercredi,éteindre l'alarme de [time : six heures du matin] pour [date : mercredi],alarm
French,validation,896,désactiver toutes les alarmes du matin après vendredi,désactiver toutes les alarmes du [timeofday : matin] [date : après vendredi],alarm
French,validation,906,regarde la météo de la semaine prochaine pour moi s'il te plait,regarde la météo de la [date : semaine prochaine] pour moi s'il te plait,weather
French,validation,921,joue de la musique de mon artiste préféré,joue de la musique de mon artiste préféré,play
French,validation,925,s'il te plait baisse un peu les lumières,s'il te plait baisse [change_amount : un peu] les lumières,iot
French,validation,937,téléphoner,téléphoner,alarm
French,validation,943,s'il est huit heures d'après-midi la côte est quelle heure est-il à sacramento en californie,s'il est [time : huit heures d'après-midi] la [place_name : côte est] quelle heure est-il à [place_name : sacramento en californie],datetime
French,validation,966,est-ce que pf changs accepte les commandes à emporter,est-ce que [business_name : pf changs] accepte les commandes [order_type : à emporter],takeaway
French,validation,975,pouvez-vous me dire quelle heure est-il à paris,pouvez-vous me dire quelle heure est-il à [place_name : paris],datetime
French,validation,984,nouvelles actuelles c. n. n.,nouvelles actuelles [media_type : c. n. n.],news
French,validation,1012,emmène moi sur le site web du rtl,emmène moi sur le site web du [media_type : rtl],social
French,validation,1015,faites les gros titres s'il vous plait,faites les gros titres s'il vous plait,news
French,validation,1016,quels sont les gros titres du new york times,quels sont les gros titres du [media_type : new york times],news
French,validation,1023,cherche si olive garden me laissera commander des plats à emporter,cherche si [business_name : olive garden] me laissera commander des plats [order_type : à emporter],takeaway
French,validation,1027,puis-je avoir la date d'aujourd'hui,puis-je avoir la date [date : d'aujourd'hui],datetime
French,validation,1038,mon alarme scolaire est-elle réglée,mon alarme scolaire est-elle réglée,alarm
French,validation,1051,comment il fait chaud dehors,comment il fait [weather_descriptor : chaud] dehors,weather
French,validation,1058,démarrez le robot aspirateur à treize heures aujourd'hui,démarrez le [device_type : robot aspirateur] à [time : treize heures] [date : aujourd'hui],iot
French,validation,1085,bons assistants,bons assistants,news
French,validation,1094,envoyez-moi des nouvelles du jour,envoyez-moi des nouvelles du jour,news
French,validation,1122,jouer ne me quitte pas par jacques brel maintenant,jouer [song_name : ne me quitte pas] par [artist_name : jacques brel] maintenant,play
French,validation,1125,la date d' aujourd'hui,la date d' [date : aujourd'hui],datetime
French,validation,1177,quelles sont les paroles de la chanson ne me quitte pas de jacques brel,quelles sont les paroles de la chanson [song_name : ne me quitte pas] de [artist_name : jacques brel],music
French,validation,1179,ne plus jamais jouer n'importe quel country,ne plus jamais jouer n'importe quel [music_genre : country],music
French,validation,1189,s'il est dix d'après midi en californie quelle heures est-il à paris,s'il est dix d'après midi en [place_name : californie] quelle heures est-il à [place_name : paris],datetime
French,validation,1192,je veux écouter la chanson ne me quitte pas de jacques brel,je veux écouter la chanson ne me quitte pas de jacques brel,play
French,validation,1196,quelle est la météo aujourd'hui,quelle est la météo [date : aujourd'hui],weather
French,validation,1197,va-t-il pleuvoir,va-t-il [weather_descriptor : pleuvoir],weather
French,validation,1201,quelle heure est-il à paris à l'heure actuelle,quelle heure est-il à [place_name : paris] à l'heure actuelle,datetime
French,validation,1209,pouvez-vous me suggérer des aliments sains pour le dîner,pouvez-vous me suggérer des [food_type : aliments sains] pour le dîner,cooking
French,validation,1210,commande un repas dans un bon restaurant,commande un repas dans un bon [business_type : restaurant],takeaway
French,validation,1211,convertir l'heure de paris à londres,convertir l'heure de [place_name : paris] à [place_name : londres],datetime
French,validation,1215,olly rends le salon bleu,olly rends le [house_place : salon] [color_type : bleu],iot
French,validation,1216,rends le salon bleu,rends le [house_place : salon] [color_type : bleu],iot
French,validation,1222,s'il vous plaît jouer la chanson ne me quitte pas,s'il vous plaît jouer la chanson ne me quitte pas,play
French,validation,1223,quel est le bulletin météo pour mardi,quel est le bulletin météo pour [date : mardi],weather
French,validation,1224,quelle sera la météo de lundi midi,quelle sera la météo de [date : lundi] [timeofday : midi],weather
French,validation,1225,quel sera le jour du quinze mars,quel sera le jour [date : du quinze mars],datetime
French,validation,1227,je veux la date du dernier lundi de ce mois,je veux la date du [date : dernier lundi de ce mois],datetime
French,validation,1234,quel est le temps en inde quand le temps aux états-unis est douze heures de l'après-midi,quel est le temps en [place_name : inde] quand le temps aux [place_name : états-unis] est [time : douze heures de l'après-midi],datetime
French,validation,1241,dit moi quelle heure il est,dit moi quelle heure il est,datetime
French,validation,1257,trouve-moi la meilleure blague toc toc sur internet,trouve-moi la meilleure blague [joke_type : toc toc] sur internet,general
French,validation,1259,quel temps fera-t-il lundi cette semaine,quel temps fera-t-il [date : lundi cette semaine],weather
French,validation,1268,ta recette de steak était superbe,ta recette de [food_type : steak] était superbe,cooking
French,validation,1271,ce qui se passe dans le monde aujourd'hui,ce qui se passe dans le monde [date : aujourd'hui],news
French,validation,1272,quel jour il est le cinq décembre,quel jour il est le [date : cinq décembre],datetime
French,validation,1277,he,he,general
French,validation,1295,je veux des nouvelles sur oscars,je veux des nouvelles sur [news_topic : oscars],news
French,validation,1312,dis-moi l'heure actuelle à ottawa,dis-moi l'heure actuelle à [place_name : ottawa],datetime
French,validation,1327,quel temps fait-il aujourd'hui,quel temps fait-il [date : aujourd'hui],weather
French,validation,1333,il fait chaud aujourd'hui n'est-ce pas,il fait [weather_descriptor : chaud] [date : aujourd'hui] n'est-ce pas,weather
French,validation,1334,il fait très chaud aujourd'hui n'est-ce pas,il fait très [weather_descriptor : chaud] [date : aujourd'hui] n'est-ce pas,weather
French,validation,1346,cent mille deux cent dix sept,cent mille deux cent dix sept,datetime
French,validation,1349,quel temps fera-t-il cette semaine,quel temps fera-t-il [date : cette semaine],weather
French,validation,1357,passer en mode réglage de la veilleuse,passer en mode réglage de la veilleuse,iot
French,validation,1365,augmente juste un peu le volume,augmente juste un peu le volume,audio
French,validation,1380,puis-je être livré une commande de romero's,puis-je être [order_type : livré] une commande de [business_name : romero's],takeaway
French,validation,1416,commande des plats à emporter,commande des plats [order_type : à emporter],takeaway
French,validation,1430,trouve et liste toutes les chansons de céline dion et jour-les toutes sans mélanger,trouve et liste toutes les chansons de [artist_name : céline dion] et jour-les toutes [player_setting : sans mélanger],play
French,validation,1446,fais une playlist de toutes les chansons d'eminem et joue avec répétition,fais une playlist de toutes les chansons [artist_name : d'eminem] et joue avec [player_setting : répétition],play
French,validation,1466,va-t-il neiger cette semaine,va-t-il [weather_descriptor : neiger] [date : cette semaine],weather
French,validation,1468,mettre la musique,mettre la musique,play
French,validation,1478,recherche de nouvelles blagues,recherche de [joke_type : nouvelles] blagues,general
French,validation,1525,je veux écouter du soft rock,je veux écouter du [music_genre : soft rock],play
French,validation,1544,je veux écouter de la musique up beat,je veux écouter de la musique [music_descriptor : up beat],play
French,validation,1545,joue les top dix du billboard,joue les top dix du billboard,play
French,validation,1548,puis-je avoir les prévisions à dix jours pour ma région,puis-je avoir les prévisions à [time : dix jours] pour ma région,weather
French,validation,1557,donne les prévisions météorologiques pour cette semaine s'il te plaît,donne les prévisions météorologiques pour [date : cette semaine] s'il te plaît,weather
French,validation,1558,jouer quelque chose de pop pour moi,jouer quelque chose de [music_genre : pop] pour moi,play
French,validation,1566,joue de la musique de la playlist,joue de la musique de la playlist,play
French,validation,1569,puis-je avoir un espresso s'il vous plaît,puis-je avoir un [coffee_type : espresso] s'il vous plaît,iot
French,validation,1576,olly démarrer l' aspirateur,olly démarrer l' [device_type : aspirateur],iot
French,validation,1599,pouvez-vous démarrer le roomba,pouvez-vous démarrer le [device_type : roomba],iot
French,validation,1615,envoyez-moi une alerte sur tout nouveau sujet sur la politique,envoyez-moi une alerte sur tout nouveau sujet sur la [news_topic : politique],news
French,validation,1621,évaluation,évaluation,music
French,validation,1625,am ou p. m.,am ou p. m.,alarm
French,validation,1637,quels sont les derniers articles de yahoo news,quels sont les derniers articles de [media_type : yahoo news],news
French,validation,1664,trouvez-moi des nouvelles de si nettoie dernier six heures,trouvez-moi des nouvelles de si [media_type : nettoie] [time : dernier six heures],news
French,validation,1678,la fréquence neuf cent quatre vingt dix neuf fm joue quelle musique actuellement,la fréquence neuf cent quatre vingt dix neuf fm joue quelle musique actuellement,music
French,validation,1680,augmente le volume de la musique à quatre-vingt-dix,augmente le volume de la musique [change_amount : à quatre-vingt-dix],audio
French,validation,1687,est-ce c'est un oui ou un non que la température de demain sera chaude,est-ce c'est un oui ou un non que la [weather_descriptor : température] [date : de demain] sera [weather_descriptor : chaude],weather
French,validation,1688,quelle est la météo de cette semaine,quelle est la météo [date : de cette semaine],weather
French,validation,1696,qui est le chanteur de cette chanson,qui est le chanteur de cette chanson,music
French,validation,1698,je n'aime pas cette chanson éteint la,je n'aime pas cette chanson éteint la,music
French,validation,1702,démarrer mon aspirateur tous les jours de dix heures du matin à onze heures du matin,démarrer mon [device_type : aspirateur] [general_frequency : tous les jours] de [time : dix heures du matin] à [time : onze heures du matin],iot
French,validation,1726,quelle sera la température la plus élevée dans la semaine à venir,quelle sera la [weather_descriptor : température] la plus élevée dans [date : la semaine à venir],weather
French,validation,1732,caisse aujourd'hui régler l'alarme de dix heures du matin,caisse [date : aujourd'hui] régler l'alarme de [time : dix heures du matin],alarm
French,validation,1770,joue jacques brel,joue jacques brel,play
French,validation,1771,jouer michael jackson,jouer [artist_name : michael jackson],play
French,validation,1791,est-il possible pour toi de fournir les goûts de ma musique,est-il possible pour toi de fournir les goûts de ma musique,music
French,validation,1793,quelles sont les dernières nouvelles de la syria,quelles sont les dernières nouvelles de la [place_name : syria],news
French,validation,1805,j'ai besoin de plus de lumières,j'ai besoin de plus de lumières,iot
French,validation,1818,dit moi l'heure actuelle,dit moi l'heure actuelle,datetime
French,validation,1823,ma chanteuse préférée est shakira,ma chanteuse préférée est [artist_name : shakira],music
French,validation,1827,que se passe-t-il à new york,que se passe-t-il à [place_name : new york],news
