,genre,sold by,daily average.amazon revenue,daily average.author revenue,daily average.gross sales,daily average.publisher revenue,daily average.units sold,publisher.name,publisher.type,statistics.average rating,statistics.sale price,statistics.sales rank,statistics.total reviews
0,nonfiction,"Amazon Digital Services,  Inc.",18.354,18.354,91.77,55.062,23,(Single-Author Publisher),single author,4.48,3.99,6256,41
1,nonfiction,"Amazon Digital Services,  Inc.",29.28,29.28,146.4,87.84,24,(Single-Author Publisher),single author,4.55,6.1,5633,40
2,nonfiction,"Amazon Digital Services,  Inc.",15.354,15.354,76.77,46.062,9,(Small or Medium Publisher),small/medium,4.41,8.53,32485,85
3,genre fiction,"Amazon Digital Services,  Inc.",0.876,0.876,4.38,2.628,1,(Small or Medium Publisher),small/medium,5.0,4.38,94482,11
4,Comics,"Amazon Digital Services,  Inc.",13.986,13.986,69.93,41.958,7,(Small or Medium Publisher),small/medium,4.02,9.99,39190,43
5,nonfiction,"Amazon Digital Services,  Inc.",3.588,8.372,11.96,0.0,4,(Indie Publisher),indie,4.91,2.99,59257,12
6,nonfiction,Simon and Schuster Digital Sales Inc,12.74,12.74,63.7,38.22,5,Atria Books,big five,4.6,12.74,48093,61
7,genre fiction,"Amazon Digital Services,  Inc.",8.3655,4.5045,12.87,0.0,13,(Indie Publisher),indie,4.17,0.99,15230,619
8,nonfiction,"Amazon Digital Services,  Inc.",8.394,8.394,41.97,25.182,3,(Small or Medium Publisher),small/medium,5.0,13.99,67032,5
9,genre fiction,"Amazon Digital Services,  Inc.",1.844,1.844,9.22,5.532,2,(Small or Medium Publisher),small/medium,4.0,4.61,78770,1
10,nonfiction,"Amazon Digital Services,  Inc.",10.776,25.144,35.92,0.0,8,(Indie Publisher),indie,4.05,4.49,37397,36
11,nonfiction,"Amazon Digital Services,  Inc.",4.784,4.784,23.92,14.352,8,(Single-Author Publisher),single author,4.19,2.99,34028,183
12,nonfiction,"Amazon Digital Services,  Inc.",7.722,4.158,11.88,0.0,12,(Indie Publisher),indie,4.42,0.99,18713,7
13,nonfiction,"Amazon Digital Services,  Inc.",6.592,6.592,32.96,19.776,2,(Small or Medium Publisher),small/medium,4.59,16.48,81968,60
14,genre fiction,"Amazon Digital Services,  Inc.",0.396,0.396,1.98,1.188,2,(Small or Medium Publisher),small/medium,4.0,0.99,84499,2
15,genre fiction,Random House LLC,45.954,45.954,229.77,137.862,23,Vintage,big five,4.57,9.99,6130,122
16,genre fiction,"Amazon Digital Services,  Inc.",43.1145,23.2155,66.33,0.0,67,(Indie Publisher),indie,4.07,0.99,3161,540
17,genre fiction,"Amazon Digital Services,  Inc.",9.568,9.568,47.84,28.704,16,(Small or Medium Publisher),small/medium,4.53,2.99,9379,101
18,nonfiction,"Amazon Digital Services,  Inc.",5.994,5.994,29.97,17.982,3,(Small or Medium Publisher),small/medium,4.44,9.99,68187,114
19,genre fiction,"Amazon Digital Services,  Inc.",77.805,181.545,259.35,0.0,65,(Indie Publisher),indie,0.0,3.99,3229,0
20,fiction,"Amazon Digital Services,  Inc.",4.752,4.752,23.76,14.256,24,(Single-Author Publisher),single author,5.0,0.99,5806,2
21,nonfiction,"Amazon Digital Services,  Inc.",1.478,1.478,7.39,4.434,1,(Small or Medium Publisher),small/medium,4.57,7.39,89402,14
22,nonfiction,"Amazon Digital Services,  Inc.",3.184,3.184,15.92,9.552,8,(Single-Author Publisher),single author,4.59,1.99,34886,10
23,children,"Amazon Digital Services,  Inc.",0.876,0.876,4.38,2.628,1,(Small or Medium Publisher),small/medium,4.33,4.38,88474,6
24,genre fiction,"Amazon Digital Services,  Inc.",99.567,232.323,331.89,0.0,111,(Indie Publisher),indie,4.57,2.99,1057,1186
25,nonfiction,"Amazon Digital Services,  Inc.",6.956,6.956,34.78,20.868,2,(Small or Medium Publisher),small/medium,4.41,17.39,83451,31
26,fiction,"Amazon Digital Services,  Inc.",11.6415,6.2685,17.91,0.0,9,(Indie Publisher),indie,0.0,1.99,32642,0
27,genre fiction,"Amazon Digital Services,  Inc.",107.73,251.37,359.1,0.0,90,(Indie Publisher),indie,4.5,3.99,1994,256
28,nonfiction,Random House LLC,15.386,15.386,76.93,46.158,7,Schocken,big five,4.73,10.99,40803,114
29,children,"Amazon Digital Services,  Inc.",3.98,3.98,19.9,11.94,10,(Small or Medium Publisher),small/medium,4.41,1.99,28586,12
30,nonfiction,"Amazon Digital Services,  Inc.",8.106,8.106,40.53,24.318,3,(Small or Medium Publisher),small/medium,2.85,13.51,70769,7
31,genre fiction,Penguin Group (USA) LLC,5.99,5.99,29.95,17.97,5,Ace,big five,4.58,5.99,49056,12
32,nonfiction,Simon and Schuster Digital Sales Inc,32.382,32.382,161.91,97.146,21,Atria Books,big five,4.67,7.71,6952,643
33,genre fiction,HarperCollins Publishers,264.084,264.084,1320.42,792.252,118,Harper,big five,4.52,11.19,800,268
34,genre fiction,"Amazon Digital Services,  Inc.",3.861,2.079,5.94,0.0,6,(Indie Publisher),indie,5.0,0.99,43536,1
35,nonfiction,"Amazon Digital Services,  Inc.",6.294,6.294,31.47,18.882,3,(Small or Medium Publisher),small/medium,4.14,10.49,69611,228
36,nonfiction,"Amazon Digital Services,  Inc.",4.485,10.465,14.95,0.0,5,(Indie Publisher),indie,3.89,2.99,49359,39
37,nonfiction,"Amazon Digital Services,  Inc.",34.086,34.086,170.43,102.258,57,(Single-Author Publisher),single author,3.87,2.99,3715,149
38,nonfiction,"Amazon Digital Services,  Inc.",34.552,34.552,172.76,103.656,4,(Small or Medium Publisher),small/medium,4.5,43.19,61773,4
39,children,Penguin Group (USA) LLC,1.592,1.592,7.96,4.776,4,DK Publishing,big five,4.54,1.99,59627,33
40,nonfiction,"Amazon Digital Services,  Inc.",36.256,36.256,181.28,108.768,11,(Small or Medium Publisher),small/medium,4.42,16.48,24535,78
41,comics,DC Comics,19.98,19.98,99.9,59.94,10,(Small or Medium Publisher),small/medium,4.27,9.99,28346,18
42,genre fiction,Macmillan,17.758,17.758,88.79,53.274,13,Minotaur Books,big five,4.59,6.83,14470,77
43,genre fiction,"Amazon Digital Services,  Inc.",18.612,18.612,93.06,55.836,94,(Single-Author Publisher),single author,4.43,0.99,1769,231
44,nonfiction,"Amazon Digital Services,  Inc.",2.376,2.376,11.88,7.128,12,(Single-Author Publisher),single author,4.59,0.99,21182,20
45,nonfiction,Random House LLC,35.812,35.812,179.06,107.436,14,Knopf,big five,4.43,12.79,10346,135
46,nonfiction,"Amazon Digital Services,  Inc.",9.912,9.912,49.56,29.736,4,(Small or Medium Publisher),small/medium,0.0,12.39,54491,0
47,nonfiction,"Amazon Digital Services,  Inc.",77.584,77.584,387.92,232.752,8,(Small or Medium Publisher),small/medium,4.46,48.49,37179,43
48,children,HarperCollins Publishers,10.752,10.752,53.76,32.256,14,Greenwillow Books,big five,4.59,3.84,12895,40
49,genre fiction,"Amazon Digital Services,  Inc.",3.056,3.056,15.28,9.168,4,(Small or Medium Publisher),small/medium,4.43,3.82,55566,60
50,nonfiction,"Amazon Digital Services,  Inc.",0.598,0.598,2.99,1.794,1,(Single-Author Publisher),single author,4.5,2.99,92987,20
51,genre fiction,Penguin Group (USA) LLC,41.93,41.93,209.65,125.79,35,Berkley,big five,4.48,5.99,4920,201
52,nonfiction,"Amazon Digital Services,  Inc.",6.392,6.392,31.96,19.176,4,(Single-Author Publisher),single author,4.31,7.99,59588,35
53,nonfiction,Random House LLC,33.152,33.152,165.76,99.456,14,Crown Business,big five,4.32,11.84,11325,249
54,nonfiction,"Amazon Digital Services,  Inc.",12.558,29.302,41.86,0.0,14,(Indie Publisher),indie,5.0,2.99,11231,7
55,nonfiction,"Amazon Digital Services,  Inc.",2.684,2.684,13.42,8.052,1,(Small or Medium Publisher),small/medium,4.65,13.42,99036,64
56,genre fiction,Macmillan,255.632,255.632,1278.16,766.896,104,Tor Books,big five,4.59,12.29,1337,103
57,nonfiction,"Amazon Digital Services,  Inc.",5.596,5.596,27.98,16.788,2,(Small or Medium Publisher),small/medium,3.75,13.99,78181,12
58,genre fiction,"Amazon Digital Services,  Inc.",47.946,47.946,239.73,143.838,61,(Single-Author Publisher),single author,4.71,3.93,3475,21
59,genre fiction,"Amazon Digital Services,  Inc.",0.5,0.5,2.5,1.5,1,(Small or Medium Publisher),small/medium,4.04,2.5,89593,23
60,nonfiction,"Amazon Digital Services,  Inc.",2.99,2.99,14.95,8.97,5,(Single-Author Publisher),single author,4.0,2.99,48714,8
61,nonfiction,"Amazon Digital Services,  Inc.",13.986,13.986,69.93,41.958,7,(Small or Medium Publisher),small/medium,4.74,9.99,41981,131
62,nonfiction,"Amazon Digital Services,  Inc.",2.691,6.279,8.97,0.0,3,(Indie Publisher),indie,4.63,2.99,69820,11
63,nonfiction,"Amazon Digital Services,  Inc.",15.984,15.984,79.92,47.952,8,(Small or Medium Publisher),small/medium,3.81,9.99,36140,72
64,genre fiction,"Amazon Digital Services,  Inc.",132.276,132.276,661.38,396.828,151,(Small or Medium Publisher),small/medium,4.34,4.38,608,115
65,nonfiction,Random House LLC,13.986,13.986,69.93,41.958,7,Vintage,big five,4.35,9.99,40238,291
66,nonfiction,"Amazon Digital Services,  Inc.",4.0,4.0,20.0,12.0,1,(Small or Medium Publisher),small/medium,4.07,20.0,88311,13
67,nonfiction,"Amazon Digital Services,  Inc.",5.498,5.498,27.49,16.494,1,(Small or Medium Publisher),small/medium,4.6,27.49,88283,28
68,nonfiction,"Amazon Digital Services,  Inc.",2.914,2.914,14.57,8.742,1,(Small or Medium Publisher),small/medium,4.4,14.57,96161,5
69,genre fiction,"Amazon Digital Services,  Inc.",9.568,9.568,47.84,28.704,16,(Small or Medium Publisher),small/medium,4.89,2.99,9126,19
70,nonfiction,Random House LLC,23.016,23.016,115.08,69.048,12,Galvanized Books,big five,4.66,9.59,21012,12
71,nonfiction,Macmillan,5.334,5.334,26.67,16.002,3,Henry Holt and Co.,big five,4.68,8.89,72306,67
72,nonfiction,HarperCollins Publishers,27.742,27.742,138.71,83.226,13,HarperCollins e-books,big five,3.84,10.67,14283,607
73,genre fiction,"Amazon Digital Services,  Inc.",11.172,11.172,55.86,33.516,14,(Small or Medium Publisher),small/medium,4.77,3.99,12782,18
74,nonfiction,"Amazon Digital Services,  Inc.",8.073,18.837,26.91,0.0,9,(Indie Publisher),indie,5.0,2.99,33303,6
75,nonfiction,"Amazon Digital Services,  Inc.",8.994,8.994,44.97,26.982,3,(Single-Author Publisher),single author,4.0,14.99,64761,6
76,nonfiction,"Amazon Digital Services,  Inc.",10.392,10.392,51.96,31.176,4,(Small or Medium Publisher),small/medium,4.51,12.99,59001,41
77,genre fiction,"Amazon Digital Services,  Inc.",11.172,11.172,55.86,33.516,14,(Single-Author Publisher),single author,4.65,3.99,10416,29
78,nonfiction,Macmillan,12.446,12.446,62.23,37.338,7,St. Martin's Press,big five,3.85,8.89,40764,194
79,nonfiction,Simon and Schuster Digital Sales Inc,35.028,35.028,175.14,105.084,18,Scribner,big five,4.12,9.73,8580,400
80,genre fiction,"Amazon Digital Services,  Inc.",169.83,169.83,849.15,509.49,85,(Small or Medium Publisher),small/medium,4.22,9.99,2217,1274
81,nonfiction,"Amazon Digital Services,  Inc.",1.9305,1.0395,2.97,0.0,3,(Indie Publisher),indie,0.0,0.99,70626,0
82,children,HarperCollins Publishers,1.196,1.196,5.98,3.588,1,HarperCollins,big five,4.8,5.98,95472,35
83,nonfiction,"Amazon Digital Services,  Inc.",1.508,1.508,7.54,4.524,2,(Single-Author Publisher),single author,4.53,3.77,76891,13
84,nonfiction,"Amazon Digital Services,  Inc.",5.992,5.992,29.96,17.976,2,(Small or Medium Publisher),small/medium,4.09,14.98,83447,21
85,nonfiction,"Amazon Digital Services,  Inc.",7.774,7.774,38.87,23.322,13,(Small or Medium Publisher),small/medium,4.64,2.99,15900,85
86,genre fiction,"Amazon Digital Services,  Inc.",4.432,4.432,22.16,13.296,4,(Small or Medium Publisher),small/medium,3.88,5.54,59414,60
87,nonfiction,"Amazon Digital Services,  Inc.",13.178,13.178,65.89,39.534,11,(Single-Author Publisher),single author,4.5,5.99,25518,56
88,nonfiction,Hachette Book Group,21.978,21.978,109.89,65.934,11,Grand Central Publishing,big five,4.52,9.99,24296,404
89,genre fiction,"Amazon Digital Services,  Inc.",14.157,7.623,21.78,0.0,22,(Indie Publisher),indie,4.66,0.99,6535,127
90,fiction,Macmillan,83.052,83.052,415.26,249.156,54,St. Martin's Press,big five,4.14,7.69,3881,534
91,nonfiction,"Amazon Digital Services,  Inc.",1.794,1.794,8.97,5.382,3,(Small or Medium Publisher),small/medium,4.5,2.99,65001,4
92,genre fiction,"Amazon Digital Services,  Inc.",2.292,2.292,11.46,6.876,3,(Small or Medium Publisher),small/medium,4.0,3.82,64011,13
93,nonfiction,"Amazon Digital Services,  Inc.",0.897,2.093,2.99,0.0,1,(Indie Publisher),indie,4.0,2.99,87639,2
94,fiction,Penguin Group (USA) LLC,149.586,149.586,747.93,448.758,107,Riverhead,big five,4.51,6.99,1223,3810
95,nonfiction,Simon and Schuster Digital Sales Inc,19.872,19.872,99.36,59.616,9,Simon & Schuster,big five,4.64,11.04,32389,174
96,comics,"Amazon Digital Services,  Inc.",11.628,11.628,58.14,34.884,9,(Small or Medium Publisher),small/medium,4.87,6.46,33598,8
97,nonfiction,"Amazon Digital Services,  Inc.",6.138,6.138,30.69,18.414,31,(Small or Medium Publisher),small/medium,4.48,0.99,5148,41
98,genre fiction,Macmillan,15.574,15.574,77.87,46.722,13,Tor Books,big five,4.49,5.99,16436,199
99,genre fiction,"Amazon Digital Services,  Inc.",3.168,3.168,15.84,9.504,16,(Small or Medium Publisher),small/medium,4.1,0.99,9254,28
100,fiction,Macmillan,70.656,70.656,353.28,211.968,32,Forge Books,big five,0.0,11.04,5087,0
101,nonfiction,"Amazon Digital Services,  Inc.",20.44,20.44,102.2,61.32,4,(Small or Medium Publisher),small/medium,4.53,25.55,59163,15
102,genre fiction,"Amazon Digital Services,  Inc.",71.4285,38.4615,109.89,0.0,111,(Indie Publisher),indie,4.45,0.99,1052,257
103,genre fiction,"Amazon Digital Services,  Inc.",2.574,2.574,12.87,7.722,13,(Single-Author Publisher),single author,3.65,0.99,15869,29
104,genre fiction,"Amazon Digital Services,  Inc.",8.372,8.372,41.86,25.116,14,(Single-Author Publisher),single author,4.48,2.99,12747,25
105,children,"Amazon Digital Services,  Inc.",19.98,19.98,99.9,59.94,10,(Small or Medium Publisher),small/medium,4.88,9.99,26931,27
106,nonfiction,"Amazon Digital Services,  Inc.",33.012,33.012,165.06,99.036,18,(Small or Medium Publisher),small/medium,4.56,9.17,8605,62
107,nonfiction,Hachette Book Group,10.99,10.99,54.95,32.97,5,Hyperion,big five,4.59,10.99,46935,261
108,nonfiction,"Amazon Digital Services,  Inc.",2.138,2.138,10.69,6.414,1,(Small or Medium Publisher),small/medium,4.69,10.69,97594,23
109,genre fiction,Hachette Book Group,29.358,29.358,146.79,88.074,21,Forever,big five,4.51,6.99,7272,252
110,children,"Amazon Digital Services,  Inc.",8.073,18.837,26.91,0.0,9,(Indie Publisher),indie,4.57,2.99,33441,21
111,nonfiction,"Amazon Digital Services,  Inc.",5.97,5.97,29.85,17.91,15,(Small or Medium Publisher),small/medium,4.53,1.99,9815,158
112,nonfiction,"Amazon Digital Services,  Inc.",7.0785,3.8115,10.89,0.0,11,(Indie Publisher),indie,4.2,0.99,23335,5
113,nonfiction,"Amazon Digital Services,  Inc.",1.794,4.186,5.98,0.0,2,(Indie Publisher),indie,3.25,2.99,77956,4
114,nonfiction,"Amazon Digital Services,  Inc.",21.978,21.978,109.89,65.934,11,(Small or Medium Publisher),small/medium,4.64,9.99,24685,37
115,genre fiction,"Amazon Digital Services,  Inc.",2.766,2.766,13.83,8.298,3,(Small or Medium Publisher),small/medium,0.0,4.61,69825,0
116,genre fiction,"Amazon Digital Services,  Inc.",85.386,85.386,426.93,256.158,107,(Single-Author Publisher),single author,0.0,3.99,1220,0
117,genre fiction,"Amazon Digital Services,  Inc.",26.946,62.874,89.82,0.0,18,(Indie Publisher),indie,4.68,4.99,8325,126
118,genre fiction,"Amazon Digital Services,  Inc.",6.876,6.876,34.38,20.628,9,(Small or Medium Publisher),small/medium,4.2,3.82,31458,10
119,genre fiction,"Amazon Digital Services,  Inc.",1.936,1.936,9.68,5.808,2,(Small or Medium Publisher),small/medium,4.15,4.84,84913,19
120,genre fiction,"Amazon Digital Services,  Inc.",36.6795,19.7505,56.43,0.0,57,(Indie Publisher),indie,4.4,0.99,3697,22
121,nonfiction,Penguin Group (USA) LLC,25.974,25.974,129.87,77.922,13,Penguin Books,big five,4.17,9.99,17829,133
122,nonfiction,"Amazon Digital Services,  Inc.",21.582,21.582,107.91,64.746,11,(Small or Medium Publisher),small/medium,4.58,9.81,24971,36
123,nonfiction,"Amazon Digital Services,  Inc.",6.592,6.592,32.96,19.776,2,(Small or Medium Publisher),small/medium,4.43,16.48,75514,86
124,genre fiction,"Amazon Digital Services,  Inc.",4.485,10.465,14.95,0.0,5,(Indie Publisher),indie,4.0,2.99,49268,8
125,nonfiction,"Amazon Digital Services,  Inc.",16.524,16.524,82.62,49.572,9,(Small or Medium Publisher),small/medium,4.65,9.18,32004,70
126,nonfiction,"Amazon Digital Services,  Inc.",11.674,11.674,58.37,35.022,13,(Small or Medium Publisher),small/medium,5.0,4.49,16658,3
127,genre fiction,"Amazon Digital Services,  Inc.",15.054,15.054,75.27,45.162,13,(Small or Medium Publisher),small/medium,4.13,5.79,16237,95
128,nonfiction,"Amazon Digital Services,  Inc.",2.392,2.392,11.96,7.176,4,(Single-Author Publisher),single author,4.67,2.99,55123,37
129,nonfiction,"Amazon Digital Services,  Inc.",2.392,2.392,11.96,7.176,4,(Single-Author Publisher),single author,4.0,2.99,57852,17
130,nonfiction,"Amazon Digital Services,  Inc.",23.66,23.66,118.3,70.98,13,(Small or Medium Publisher),small/medium,4.48,9.1,16588,31
131,genre fiction,"Amazon Digital Services,  Inc.",4.158,4.158,20.79,12.474,21,(Small or Medium Publisher),small/medium,4.4,0.99,7262,105
132,nonfiction,Penguin Group (USA) LLC,26.376,26.376,131.88,79.128,12,Tarcher,big five,4.89,10.99,19064,113
133,nonfiction,"Amazon Digital Services,  Inc.",8.118,8.118,40.59,24.354,41,(Single-Author Publisher),single author,3.91,0.99,4557,175
134,nonfiction,HarperCollins Publishers,23.058,23.058,115.29,69.174,21,Harper Perennial,big five,3.89,5.49,6900,122
135,nonfiction,"Amazon Digital Services,  Inc.",4.776,4.776,23.88,14.328,12,(Small or Medium Publisher),small/medium,4.4,1.99,19816,20
136,nonfiction,"Amazon Digital Services,  Inc.",7.0785,3.8115,10.89,0.0,11,(Indie Publisher),indie,3.84,0.99,22533,13
137,nonfiction,"Amazon Digital Services,  Inc.",4.491,10.479,14.97,0.0,3,(Indie Publisher),indie,4.83,4.99,65576,6
138,genre fiction,"Amazon Digital Services,  Inc.",726.57,1695.33,2421.9,0.0,810,(Indie Publisher),indie,4.77,2.99,138,61
139,nonfiction,Random House LLC,9.472,9.472,47.36,28.416,4,Crown Business,big five,4.52,11.84,53286,123
140,genre fiction,"Amazon Digital Services,  Inc.",104.052,242.788,346.84,0.0,116,(Indie Publisher),indie,4.87,2.99,898,63
141,genre fiction,Simon and Schuster Digital Sales Inc,202.498,202.498,1012.49,607.494,103,Atria Books,big five,4.48,9.83,1355,1858
142,genre fiction,Penguin Group (USA) LLC,5.99,5.99,29.95,17.97,5,DAW,big five,4.07,5.99,46694,69
143,fiction,"Amazon Digital Services,  Inc.",8.484,8.484,42.42,25.452,14,(Small or Medium Publisher),small/medium,4.77,3.03,12016,9
144,nonfiction,"Amazon Digital Services,  Inc.",8.073,18.837,26.91,0.0,9,(Indie Publisher),indie,4.45,2.99,30342,102
145,nonfiction,"Amazon Digital Services,  Inc.",1.196,1.196,5.98,3.588,2,(Single-Author Publisher),single author,3.44,2.99,81288,9
146,nonfiction,"Amazon Digital Services,  Inc.",3.992,3.992,19.96,11.976,4,(Small or Medium Publisher),small/medium,4.57,4.99,55838,7
147,nonfiction,"Amazon Digital Services,  Inc.",10.188,10.188,50.94,30.564,3,(Small or Medium Publisher),small/medium,4.33,16.98,67876,9
148,genre fiction,"Amazon Digital Services,  Inc.",9.576,22.344,31.92,0.0,8,(Indie Publisher),indie,4.48,3.99,37891,35
149,genre fiction,"Amazon Digital Services,  Inc.",11.976,27.944,39.92,0.0,8,(Indie Publisher),indie,4.58,4.99,35632,74
150,children,"Amazon Digital Services,  Inc.",1.596,1.596,7.98,4.788,2,(Small or Medium Publisher),small/medium,4.46,3.99,83810,45
151,children,Penguin Group (USA) LLC,3.51,3.51,17.55,10.53,3,Puffin,big five,4.66,5.85,73510,9
152,nonfiction,"Amazon Digital Services,  Inc.",0.6435,0.3465,0.99,0.0,1,(Indie Publisher),indie,4.33,0.99,99590,3
153,nonfiction,"Amazon Digital Services,  Inc.",9.196,9.196,45.98,27.588,2,(Small or Medium Publisher),small/medium,4.48,22.99,84747,25
154,nonfiction,Random House LLC,3.996,3.996,19.98,11.988,2,Vintage,big five,3.85,9.99,82443,96
155,genre fiction,"Amazon Digital Services,  Inc.",6.93,6.93,34.65,20.79,35,(Single-Author Publisher),single author,4.59,0.99,4935,72
156,genre fiction,Random House LLC,7.992,7.992,39.96,23.976,4,Del Rey,big five,3.87,9.99,51649,80
157,nonfiction,"Amazon Digital Services,  Inc.",2.547,5.943,8.49,0.0,1,(Indie Publisher),indie,4.9,8.49,91375,22
158,nonfiction,"Amazon Digital Services,  Inc.",6.138,6.138,30.69,18.414,31,(Single-Author Publisher),single author,4.5,0.99,5123,8
159,nonfiction,"Amazon Digital Services,  Inc.",19.168,19.168,95.84,57.504,16,(Single-Author Publisher),single author,4.92,5.99,9104,40
160,nonfiction,"Amazon Digital Services,  Inc.",3.861,2.079,5.94,0.0,6,(Indie Publisher),indie,5.0,0.99,43493,1
161,nonfiction,Random House LLC,9.472,9.472,47.36,28.416,4,Villard,big five,4.58,11.84,59621,12
162,children,"Amazon Digital Services,  Inc.",2.392,2.392,11.96,7.176,4,(Single-Author Publisher),single author,4.85,2.99,50463,7
163,genre fiction,Macmillan,92.684,92.684,463.42,278.052,58,Tor Books,big five,4.41,7.99,3643,838
164,nonfiction,"Amazon Digital Services,  Inc.",1.287,0.693,1.98,0.0,2,(Indie Publisher),indie,3.77,0.99,76743,9
165,genre fiction,HarperCollins Publishers,4.554,4.554,22.77,13.662,23,HarperCollins e-books,big five,3.92,0.99,6132,26
166,nonfiction,Random House LLC,3.594,3.594,17.97,10.782,3,Ivy Books,big five,4.55,5.99,74107,29
167,nonfiction,"Amazon Digital Services,  Inc.",4.996,4.996,24.98,14.988,2,(Small or Medium Publisher),small/medium,3.0,12.49,79168,10
168,children,"Amazon Digital Services,  Inc.",1.2935,0.6965,1.99,0.0,1,(Indie Publisher),indie,0.0,1.99,92972,0
169,nonfiction,"Amazon Digital Services,  Inc.",0.396,0.396,1.98,1.188,2,(Small or Medium Publisher),small/medium,4.05,0.99,75422,18
170,nonfiction,HarperCollins Publishers,3.908,3.908,19.54,11.724,2,Harper Perennial,big five,4.0,9.77,84897,17
171,genre fiction,"Amazon Digital Services,  Inc.",15.249,35.581,50.83,0.0,17,(Indie Publisher),indie,4.53,2.99,8880,15
172,nonfiction,"Amazon Digital Services,  Inc.",5.634,5.634,28.17,16.902,3,(Single-Author Publisher),single author,4.58,9.39,68950,46
173,comics,"Amazon Digital Services,  Inc.",5.99,5.99,29.95,17.97,5,(Single-Author Publisher),single author,4.66,5.99,47390,9
174,nonfiction,Random House LLC,33.572,33.572,167.86,100.716,14,Random House,big five,4.14,11.99,12861,27
175,children,"Amazon Digital Services,  Inc.",6.152,6.152,30.76,18.456,4,(Small or Medium Publisher),small/medium,4.66,7.69,55930,3
176,nonfiction,"Amazon Digital Services,  Inc.",21.924,21.924,109.62,65.772,14,(Small or Medium Publisher),small/medium,4.46,7.83,13400,65
177,nonfiction,"Amazon Digital Services,  Inc.",5.586,5.586,27.93,16.758,7,(Single-Author Publisher),single author,4.0,3.99,40750,4
178,nonfiction,"Amazon Digital Services,  Inc.",0.598,0.598,2.99,1.794,1,(Single-Author Publisher),single author,4.5,2.99,91634,2
179,children,"Amazon Digital Services,  Inc.",8.336,8.336,41.68,25.008,8,(Small or Medium Publisher),small/medium,4.38,5.21,35879,223
180,nonfiction,Random House LLC,17.578,17.578,87.89,52.734,11,Doubleday,big five,4.64,7.99,25928,254
181,genre fiction,Penguin Group (USA) LLC,110.89,110.89,554.45,332.67,65,Jove,big five,4.08,8.53,3249,180
182,fiction,Simon and Schuster Digital Sales Inc,219.45,219.45,1097.25,658.35,275,Scribner,big five,4.2,3.99,335,4099
183,nonfiction,"Amazon Digital Services,  Inc.",19.98,19.98,99.9,59.94,10,(Single-Author Publisher),single author,4.74,9.99,26383,63
184,nonfiction,"Amazon Digital Services,  Inc.",9.22,9.22,46.1,27.66,10,(Small or Medium Publisher),small/medium,4.71,4.61,28199,35
185,genre fiction,"Amazon Digital Services,  Inc.",96.416,96.416,482.08,289.248,92,(Small or Medium Publisher),small/medium,4.17,5.24,1865,178
186,nonfiction,"Amazon Digital Services,  Inc.",19.96,19.96,99.8,59.88,10,(Small or Medium Publisher),small/medium,4.62,9.98,29296,453
187,nonfiction,"Amazon Digital Services,  Inc.",32.604,32.604,163.02,97.812,11,(Small or Medium Publisher),small/medium,4.13,14.82,25870,270
188,genre fiction,"Amazon Digital Services,  Inc.",24.414,24.414,122.07,73.242,13,(Single-Author Publisher),single author,4.12,9.39,17484,80
189,nonfiction,Hachette Book Group,27.972,27.972,139.86,83.916,14,"Little, Brown and Company",big five,4.4,9.99,11876,119
190,nonfiction,"Amazon Digital Services,  Inc.",8.073,18.837,26.91,0.0,9,(Indie Publisher),indie,3.72,2.99,30659,22
191,nonfiction,Penguin Group (USA) LLC,28.776,28.776,143.88,86.328,12,Tarcher,big five,4.85,11.99,20227,34
192,nonfiction,"Amazon Digital Services,  Inc.",0.792,0.792,3.96,2.376,4,(Single-Author Publisher),single author,2.46,0.99,61259,15
193,genre fiction,"Amazon Digital Services,  Inc.",1.936,1.936,9.68,5.808,2,(Small or Medium Publisher),small/medium,3.77,4.84,79612,22
194,genre fiction,"Amazon Digital Services,  Inc.",14.534,14.534,72.67,43.602,13,(Small or Medium Publisher),small/medium,4.73,5.59,16230,80
195,nonfiction,"Amazon Digital Services,  Inc.",12.87,6.93,19.8,0.0,20,(Indie Publisher),indie,4.32,0.99,7483,37
196,genre fiction,Random House LLC,40.278,40.278,201.39,120.834,21,Knopf,big five,3.7,9.59,6911,10
197,nonfiction,"Amazon Digital Services,  Inc.",7.792,7.792,38.96,23.376,2,(Small or Medium Publisher),small/medium,4.1,19.48,84726,82
198,nonfiction,"Amazon Digital Services,  Inc.",41.382,41.382,206.91,124.146,9,(Small or Medium Publisher),small/medium,4.67,22.99,30661,28
199,genre fiction,Simon and Schuster Digital Sales Inc,22.178,22.178,110.89,66.534,13,Simon & Schuster,big five,4.16,8.53,15053,298
200,comics,DC Comics,1.188,1.188,5.94,3.564,6,(Small or Medium Publisher),small/medium,4.7,0.99,42814,10
201,genre fiction,"Amazon Digital Services,  Inc.",19.152,19.152,95.76,57.456,24,(Single-Author Publisher),single author,4.9,3.99,5929,10
202,genre fiction,"Amazon Digital Services,  Inc.",40.698,94.962,135.66,0.0,34,(Indie Publisher),indie,5.0,3.99,4952,5
203,nonfiction,"Amazon Digital Services,  Inc.",2.808,2.808,14.04,8.424,1,(Small or Medium Publisher),small/medium,0.0,14.04,97916,0
204,nonfiction,"Amazon Digital Services,  Inc.",8.991,20.979,29.97,0.0,3,(Indie Publisher),indie,2.5,9.99,64096,4
205,genre fiction,"Amazon Digital Services,  Inc.",2.496,2.496,12.48,7.488,3,(Small or Medium Publisher),small/medium,4.5,4.16,65310,16
206,genre fiction,HarperCollins Publishers,12.144,12.144,60.72,36.432,8,William Morrow Paperbacks,big five,3.88,7.59,34552,44
207,nonfiction,"Amazon Digital Services,  Inc.",21.978,21.978,109.89,65.934,11,(Small or Medium Publisher),small/medium,4.25,9.99,24664,35
208,genre fiction,"Amazon Digital Services,  Inc.",3.582,3.582,17.91,10.746,9,(Single-Author Publisher),single author,3.85,1.99,32593,27
209,nonfiction,Penguin Group (USA) LLC,3.996,3.996,19.98,11.988,2,Prentice Hall Press,big five,5.0,9.99,81352,13
210,nonfiction,"Amazon Digital Services,  Inc.",16.434,38.346,54.78,0.0,11,(Indie Publisher),indie,3.35,4.98,23084,20
211,children,Random House LLC,1.352,1.352,6.76,4.056,2,Random House Books for Young Readers,big five,3.98,3.38,76854,71
212,nonfiction,Penguin Group (USA) LLC,246.092,246.092,1230.46,738.276,154,Penguin Books,big five,3.9,7.99,591,399
213,nonfiction,"Amazon Digital Services,  Inc.",119.028,119.028,595.14,357.084,78,(Small or Medium Publisher),small/medium,4.35,7.63,2565,257
214,genre fiction,"Amazon Digital Services,  Inc.",11.172,11.172,55.86,33.516,14,(Small or Medium Publisher),small/medium,4.76,3.99,10508,47
215,genre fiction,"Amazon Digital Services,  Inc.",3.092,3.092,15.46,9.276,2,(Small or Medium Publisher),small/medium,4.5,7.73,76321,20
216,nonfiction,"Amazon Digital Services,  Inc.",3.504,3.504,17.52,10.512,4,(Single-Author Publisher),single author,4.94,4.38,62373,17
217,genre fiction,"Amazon Digital Services,  Inc.",7.485,17.465,24.95,0.0,5,(Indie Publisher),indie,4.46,4.99,47784,13
218,nonfiction,"Amazon Digital Services,  Inc.",7.99,7.99,39.95,23.97,5,(Single-Author Publisher),single author,3.81,7.99,46046,11
219,nonfiction,"Amazon Digital Services,  Inc.",13.986,13.986,69.93,41.958,7,(Small or Medium Publisher),small/medium,4.56,9.99,39632,65
220,nonfiction,"Amazon Digital Services,  Inc.",1.794,1.794,8.97,5.382,3,(Small or Medium Publisher),small/medium,3.83,2.99,74841,18
221,genre fiction,Penguin Group (USA) LLC,191.84,191.84,959.2,575.52,80,Dutton Adult,big five,0.0,11.99,2461,0
222,children,Simon and Schuster Digital Sales Inc,5.862,5.862,29.31,17.586,3,Aladdin,big five,4.87,9.77,73480,8
223,genre fiction,"Amazon Digital Services,  Inc.",3.192,3.192,15.96,9.576,4,(Single-Author Publisher),single author,3.87,3.99,52151,16
224,nonfiction,"Amazon Digital Services,  Inc.",7.176,16.744,23.92,0.0,8,(Indie Publisher),indie,4.5,2.99,35020,10
225,genre fiction,"Amazon Digital Services,  Inc.",140.049,326.781,466.83,0.0,117,(Indie Publisher),indie,0.0,3.99,826,0
226,genre fiction,"Amazon Digital Services,  Inc.",2.376,2.376,11.88,7.128,12,(Single-Author Publisher),single author,3.53,0.99,19014,30
227,nonfiction,"Amazon Digital Services,  Inc.",9.5,9.5,47.5,28.5,5,(Small or Medium Publisher),small/medium,4.34,9.5,47383,70
228,genre fiction,"Amazon Digital Services,  Inc.",23.364,23.364,116.82,70.092,118,(Small or Medium Publisher),small/medium,4.31,0.99,792,16
229,genre fiction,"Amazon Digital Services,  Inc.",12.912,12.912,64.56,38.736,12,(Small or Medium Publisher),small/medium,4.14,5.38,19856,34
230,nonfiction,HarperCollins Publishers,2.97,2.97,14.85,8.91,15,HarperCollins e-books,big five,4.27,0.99,9596,70
231,nonfiction,"Amazon Digital Services,  Inc.",2.574,1.386,3.96,0.0,4,(Indie Publisher),indie,4.03,0.99,54535,114
232,nonfiction,"Amazon Digital Services,  Inc.",5.46,5.46,27.3,16.38,3,(Small or Medium Publisher),small/medium,3.89,9.1,70753,49
233,nonfiction,Penguin Group (USA) LLC,14.99,14.99,74.95,44.97,5,The Penguin Press,big five,2.98,14.99,48600,57
234,genre fiction,HarperCollins Publishers,107.784,107.784,538.92,323.352,108,HarperCollins,big five,4.31,4.99,1197,1107
235,foreign language,"Amazon Digital Services,  Inc.",1.197,2.793,3.99,0.0,1,(Indie Publisher),indie,0.0,3.99,89304,0
236,genre fiction,"Amazon Digital Services,  Inc.",3.032,3.032,15.16,9.096,4,(Small or Medium Publisher),small/medium,4.53,3.79,61671,15
237,nonfiction,"Amazon Digital Services,  Inc.",0.6435,0.3465,0.99,0.0,1,(Indie Publisher),indie,0.0,0.99,99973,0
238,nonfiction,HarperCollins Publishers,5.436,5.436,27.18,16.308,2,Broadside e-books,big five,4.09,13.59,80618,111
239,genre fiction,"Amazon Digital Services,  Inc.",14.157,7.623,21.78,0.0,22,(Indie Publisher),indie,4.65,0.99,6704,32
240,genre fiction,"Amazon Digital Services,  Inc.",3.056,3.056,15.28,9.168,4,(Small or Medium Publisher),small/medium,4.25,3.82,55986,8
241,fiction,Penguin Group (USA) LLC,22.762,22.762,113.81,68.286,19,Berkley,big five,4.33,5.99,7827,15
242,nonfiction,Random House LLC,8.792,8.792,43.96,26.376,4,Ballantine Books,big five,4.39,10.99,61651,113
243,genre fiction,"Amazon Digital Services,  Inc.",41.496,41.496,207.48,124.488,52,(Small or Medium Publisher),small/medium,4.71,3.99,3976,245
244,nonfiction,"Amazon Digital Services,  Inc.",1.998,1.998,9.99,5.994,1,(Small or Medium Publisher),small/medium,3.96,9.99,91106,30
245,comics,"Amazon Digital Services,  Inc.",3.184,3.184,15.92,9.552,8,(Small or Medium Publisher),small/medium,2.75,1.99,35615,4
246,genre fiction,Penguin Group (USA) LLC,60.724,60.724,303.62,182.172,38,Signet,big five,4.53,7.99,4728,218
247,genre fiction,Macmillan,17.758,17.758,88.79,53.274,13,Thomas Dunne Books,big five,4.39,6.83,15922,93
248,genre fiction,Simon and Schuster Digital Sales Inc,2.134,2.134,10.67,6.402,1,Pocket Books/Star Trek,big five,4.38,10.67,95525,54
249,nonfiction,Random House LLC,9.592,9.592,47.96,28.776,4,Vintage,big five,4.58,11.99,53343,84
250,genre fiction,"Amazon Digital Services,  Inc.",2.994,2.994,14.97,8.982,3,(Single-Author Publisher),single author,4.51,4.99,66425,35
251,nonfiction,"Amazon Digital Services,  Inc.",7.792,7.792,38.96,23.376,2,(Small or Medium Publisher),small/medium,4.33,19.48,77382,3
252,genre fiction,"Amazon Digital Services,  Inc.",7.176,7.176,35.88,21.528,12,(Small or Medium Publisher),small/medium,0.0,2.99,18167,0
253,nonfiction,"Amazon Digital Services,  Inc.",19.461,45.409,64.87,0.0,13,(Indie Publisher),indie,4.25,4.99,17225,59
254,nonfiction,"Amazon Digital Services,  Inc.",1.794,4.186,5.98,0.0,2,(Indie Publisher),indie,4.0,2.99,75911,1
255,nonfiction,Random House LLC,25.974,25.974,129.87,77.922,13,Ballantine Books,big five,4.59,9.99,14871,205
256,nonfiction,"Amazon Digital Services,  Inc.",3.594,8.386,11.98,0.0,2,(Indie Publisher),indie,4.5,5.99,82637,4
257,nonfiction,"Amazon Digital Services,  Inc.",5.5965,3.0135,8.61,0.0,3,(Indie Publisher),indie,2.0,2.87,65521,1
258,children,Hachette Book Group,24.892,24.892,124.46,74.676,14,"Little, Brown Books for Young Readers",big five,0.0,8.89,13499,0
259,genre fiction,"Amazon Digital Services,  Inc.",1.95,1.95,9.75,5.85,1,(Small or Medium Publisher),small/medium,4.47,9.75,96212,19
260,genre fiction,"Amazon Digital Services,  Inc.",61.893,144.417,206.31,0.0,69,(Indie Publisher),indie,4.61,2.99,3002,71
261,nonfiction,"Amazon Digital Services,  Inc.",1.782,1.782,8.91,5.346,9,(Small or Medium Publisher),small/medium,3.66,0.99,32611,18
262,nonfiction,"Amazon Digital Services,  Inc.",11.988,11.988,59.94,35.964,6,(Small or Medium Publisher),small/medium,4.8,9.99,44756,114
263,children,Random House LLC,35.94,35.94,179.7,107.82,30,Delacorte Books for Young Readers,big five,4.46,5.99,5217,679
264,children,HarperCollins Publishers,1.704,1.704,8.52,5.112,2,HarperCollins,big five,4.2,4.26,75215,15
265,nonfiction,"Amazon Digital Services,  Inc.",4.186,4.186,20.93,12.558,7,(Single-Author Publisher),single author,4.28,2.99,40289,14
266,genre fiction,"Amazon Digital Services,  Inc.",80.7,80.7,403.5,242.1,75,(Small or Medium Publisher),small/medium,4.59,5.38,2705,10
267,nonfiction,Random House LLC,7.99,7.99,39.95,23.97,5,Broadway Books,big five,4.2,7.99,46799,272
268,nonfiction,Penguin Group (USA) LLC,7.816,7.816,39.08,23.448,4,Alpha,big five,4.29,9.77,60533,27
269,nonfiction,"Amazon Digital Services,  Inc.",1.194,1.194,5.97,3.582,3,(Single-Author Publisher),single author,4.0,1.99,69330,1
270,nonfiction,"Amazon Digital Services,  Inc.",7.176,7.176,35.88,21.528,12,(Small or Medium Publisher),small/medium,3.92,2.99,19530,51
271,nonfiction,"Amazon Digital Services,  Inc.",2.994,2.994,14.97,8.982,3,(Single-Author Publisher),single author,4.88,4.99,73617,27
272,nonfiction,"Amazon Digital Services,  Inc.",0.792,0.792,3.96,2.376,4,(Single-Author Publisher),single author,4.62,0.99,53103,32
273,genre fiction,"Amazon Digital Services,  Inc.",6.792,6.792,33.96,20.376,4,(Small or Medium Publisher),small/medium,4.74,8.49,56242,89
274,genre fiction,"Amazon Digital Services,  Inc.",20.631,48.139,68.77,0.0,23,(Indie Publisher),indie,4.66,2.99,6103,248
275,nonfiction,"Amazon Digital Services,  Inc.",5.994,5.994,29.97,17.982,3,(Small or Medium Publisher),small/medium,4.36,9.99,70176,50
276,genre fiction,Random House LLC,161.73,161.73,808.65,485.19,135,Bantam,big five,4.37,5.99,681,1091
277,nonfiction,"Amazon Digital Services,  Inc.",5.094,5.094,25.47,15.282,3,(Small or Medium Publisher),small/medium,4.45,8.49,71871,73
278,nonfiction,"Amazon Digital Services,  Inc.",5.454,5.454,27.27,16.362,9,(Small or Medium Publisher),small/medium,4.16,3.03,33448,139
279,nonfiction,"Amazon Digital Services,  Inc.",8.073,18.837,26.91,0.0,9,(Indie Publisher),indie,3.81,2.99,33930,11
280,genre fiction,"Amazon Digital Services,  Inc.",1.596,1.596,7.98,4.788,2,(Single-Author Publisher),single author,3.95,3.99,77833,24
281,nonfiction,"Amazon Digital Services,  Inc.",13.178,13.178,65.89,39.534,11,(Small or Medium Publisher),small/medium,4.5,5.99,23682,2
282,genre fiction,"Amazon Digital Services,  Inc.",20.631,48.139,68.77,0.0,23,(Indie Publisher),indie,4.51,2.99,6096,376
283,genre fiction,"Amazon Digital Services,  Inc.",167.28,167.28,836.4,501.84,136,(Small or Medium Publisher),small/medium,4.31,6.15,675,16
284,genre fiction,"Amazon Digital Services,  Inc.",12.87,6.93,19.8,0.0,20,(Indie Publisher),indie,4.81,0.99,7396,27
285,nonfiction,"Amazon Digital Services,  Inc.",17.628,17.628,88.14,52.884,13,(Small or Medium Publisher),small/medium,4.57,6.78,15969,21
286,nonfiction,Hachette Book Group,1.998,1.998,9.99,5.994,1,Hyperion,big five,4.69,9.99,89606,124
287,nonfiction,Penguin Group (USA) LLC,11.186,11.186,55.93,33.558,7,Plume,big five,4.14,7.99,39832,127
288,genre fiction,"Amazon Digital Services,  Inc.",70.1415,37.7685,107.91,0.0,109,(Indie Publisher),indie,4.34,0.99,1153,49
289,nonfiction,Random House LLC,168.128,168.128,840.64,504.384,71,Harmony,big five,4.34,11.84,2947,2294
290,children,"Amazon Digital Services,  Inc.",5.7915,3.1185,8.91,0.0,9,(Indie Publisher),indie,0.0,0.99,33537,0
291,nonfiction,Macmillan,22.372,22.372,111.86,67.116,14,St. Martin's Griffin,big five,4.59,7.99,11080,99
292,nonfiction,"Amazon Digital Services,  Inc.",13.986,13.986,69.93,41.958,7,(Single-Author Publisher),single author,4.25,9.99,40649,27
293,nonfiction,"Amazon Digital Services,  Inc.",2.574,2.574,12.87,7.722,13,(Single-Author Publisher),single author,3.86,0.99,17383,45
294,nonfiction,Random House LLC,19.98,19.98,99.9,59.94,10,Anchor,big five,4.42,9.99,28577,115
295,children,"Amazon Digital Services,  Inc.",5.382,12.558,17.94,0.0,6,(Indie Publisher),indie,4.69,2.99,45539,162
296,children,Penguin Group (USA) LLC,15.386,15.386,76.93,46.158,7,Kathy Dawson Books,big five,0.0,10.99,41867,0
297,genre fiction,"Amazon Digital Services,  Inc.",14.364,14.364,71.82,43.092,18,(Single-Author Publisher),single author,4.88,3.99,8234,9
298,nonfiction,"Amazon Digital Services,  Inc.",44.736,44.736,223.68,134.208,24,(Single-Author Publisher),single author,4.79,9.32,5560,358
299,genre fiction,"Amazon Digital Services,  Inc.",140.448,140.448,702.24,421.344,176,(Single-Author Publisher),single author,4.89,3.99,497,1819
300,nonfiction,Macmillan,24.892,24.892,124.46,74.676,14,Picador,big five,3.79,8.89,12904,277
301,nonfiction,"Amazon Digital Services,  Inc.",5.994,5.994,29.97,17.982,3,(Small or Medium Publisher),small/medium,4.73,9.99,72694,65
302,genre fiction,"Amazon Digital Services,  Inc.",12.304,12.304,61.52,36.912,8,(Small or Medium Publisher),small/medium,4.32,7.69,34058,230
303,fiction,"Amazon Digital Services,  Inc.",3.772,3.772,18.86,11.316,2,(Small or Medium Publisher),small/medium,4.91,9.43,75004,23
304,nonfiction,Penguin Group (USA) LLC,14.352,14.352,71.76,43.056,12,Berkley,big five,4.19,5.98,21783,201
305,nonfiction,Simon and Schuster Digital Sales Inc,16.608,16.608,83.04,49.824,8,Touchstone,big five,3.98,10.38,36753,64
306,nonfiction,"Amazon Digital Services,  Inc.",15.312,15.312,76.56,45.936,8,(Small or Medium Publisher),small/medium,4.04,9.57,35649,964
307,genre fiction,"Amazon Digital Services,  Inc.",22.176,22.176,110.88,66.528,112,(Single-Author Publisher),single author,0.0,0.99,1036,0
308,nonfiction,"Amazon Digital Services,  Inc.",31.176,31.176,155.88,93.528,12,(Small or Medium Publisher),small/medium,4.72,12.99,21790,172
309,genre fiction,Macmillan,50.316,50.316,251.58,150.948,42,Tor Books,big five,3.4,5.99,4547,670
310,genre fiction,"Amazon Digital Services,  Inc.",12.974,12.974,64.87,38.922,13,(Small or Medium Publisher),small/medium,4.03,4.99,16065,28
311,comics,"Amazon Digital Services,  Inc.",23.976,23.976,119.88,71.928,12,(Small or Medium Publisher),small/medium,4.0,9.99,19442,1
312,nonfiction,"Amazon Digital Services,  Inc.",11.97,11.97,59.85,35.91,3,(Single-Author Publisher),single author,5.0,19.95,63736,3
313,genre fiction,"Amazon Digital Services,  Inc.",0.792,0.792,3.96,2.376,4,(Single-Author Publisher),single author,4.68,0.99,54832,50
314,nonfiction,"Amazon Digital Services,  Inc.",8.97,20.93,29.9,0.0,10,(Indie Publisher),indie,4.45,2.99,26492,11
315,nonfiction,"Amazon Digital Services,  Inc.",7.494,7.494,37.47,22.482,3,(Small or Medium Publisher),small/medium,4.45,12.49,68822,31
316,nonfiction,Macmillan,3.556,3.556,17.78,10.668,2,Henry Holt and Co.,big five,4.4,8.89,87248,25
317,nonfiction,Random House LLC,28.416,28.416,142.08,85.248,12,Random House,big five,3.93,11.84,19071,16
318,genre fiction,Macmillan,95.68,95.68,478.4,287.04,160,Feiwel & Friends,big five,4.53,2.99,565,835
319,children,Simon and Schuster Digital Sales Inc,4.552,4.552,22.76,13.656,4,Simon Spotlight,big five,0.0,5.69,57066,0
320,nonfiction,Simon and Schuster Digital Sales Inc,193.6,193.6,968.0,580.8,100,Simon & Schuster,big five,3.47,9.68,1463,1041
321,nonfiction,"Amazon Digital Services,  Inc.",9.6525,5.1975,14.85,0.0,15,(Indie Publisher),indie,4.5,0.99,9778,8
322,comics,"Amazon Digital Services,  Inc.",9.584,9.584,47.92,28.752,8,(Single-Author Publisher),single author,4.91,5.99,37017,23
323,genre fiction,"Amazon Digital Services,  Inc.",1.452,1.452,7.26,4.356,2,(Small or Medium Publisher),small/medium,4.14,3.63,85205,7
324,nonfiction,Random House LLC,8.792,8.792,43.96,26.376,4,Doubleday,big five,3.2,10.99,55585,62
325,nonfiction,"Amazon Digital Services,  Inc.",8.982,8.982,44.91,26.946,9,(Small or Medium Publisher),small/medium,4.12,4.99,33085,110
326,genre fiction,Macmillan,15.574,15.574,77.87,46.722,13,St. Martin's Press,big five,4.1,5.99,17792,190
327,genre fiction,"Amazon Digital Services,  Inc.",29.302,29.302,146.51,87.906,49,(Single-Author Publisher),single author,4.72,2.99,4141,184
328,nonfiction,HarperCollins Publishers,7.816,7.816,39.08,23.448,4,William Morrow Paperbacks,big five,4.01,9.77,53235,251
329,children,Macmillan,0.946,0.946,4.73,2.838,1,Feiwel & Friends,big five,4.56,4.73,95006,23
330,nonfiction,"Amazon Digital Services,  Inc.",5.596,5.596,27.98,16.788,2,(Small or Medium Publisher),small/medium,4.17,13.99,79627,40
331,genre fiction,Macmillan,87.666,87.666,438.33,262.998,57,St. Martin's Press,big five,4.23,7.69,3686,539
332,nonfiction,Penguin Group (USA) LLC,4.792,4.792,23.96,14.376,4,DK Publishing,big five,4.23,5.99,57520,26
333,nonfiction,"Amazon Digital Services,  Inc.",6.752,6.752,33.76,20.256,4,(Small or Medium Publisher),small/medium,4.47,8.44,58124,21
334,nonfiction,"Amazon Digital Services,  Inc.",5.685,13.265,18.95,0.0,5,(Indie Publisher),indie,5.0,3.79,47915,5
335,nonfiction,"Amazon Digital Services,  Inc.",6.578,6.578,32.89,19.734,11,(Small or Medium Publisher),small/medium,3.57,2.99,23653,14
336,nonfiction,"Amazon Digital Services,  Inc.",13.842,13.842,69.21,41.526,9,(Small or Medium Publisher),small/medium,4.9,7.69,30815,40
337,nonfiction,Simon and Schuster Digital Sales Inc,12.456,12.456,62.28,37.368,6,Scribner,big five,4.69,10.38,44014,155
338,nonfiction,"Amazon Digital Services,  Inc.",3.594,3.594,17.97,10.782,3,(Small or Medium Publisher),small/medium,5.0,5.99,69139,3
339,nonfiction,"Amazon Digital Services,  Inc.",2.574,1.386,3.96,0.0,4,(Indie Publisher),indie,4.88,0.99,60687,9
340,genre fiction,"Amazon Digital Services,  Inc.",17.964,41.916,59.88,0.0,12,(Indie Publisher),indie,4.54,4.99,20705,11
341,genre fiction,"Amazon Digital Services,  Inc.",2.574,2.574,12.87,7.722,13,(Small or Medium Publisher),small/medium,4.31,0.99,14176,283
342,nonfiction,HarperCollins Publishers,7.44,7.44,37.2,22.32,3,Harper,big five,4.3,12.4,62596,42
343,nonfiction,"Amazon Digital Services,  Inc.",2.394,5.586,7.98,0.0,2,(Indie Publisher),indie,4.84,3.99,75286,13
344,nonfiction,Simon and Schuster Digital Sales Inc,26.158,26.158,130.79,78.474,11,Simon & Schuster,big five,4.62,11.89,25028,69
345,nonfiction,"Amazon Digital Services,  Inc.",1.196,1.196,5.98,3.588,2,(Small or Medium Publisher),small/medium,3.56,2.99,87326,25
346,comics,DC Comics,0.792,0.792,3.96,2.376,4,(Small or Medium Publisher),small/medium,0.0,0.99,59056,0
347,nonfiction,"Amazon Digital Services,  Inc.",24.453,13.167,37.62,0.0,38,(Indie Publisher),indie,3.9,0.99,4772,112
348,genre fiction,"Amazon Digital Services,  Inc.",52.668,122.892,175.56,0.0,44,(Indie Publisher),indie,4.76,3.99,4395,82
349,genre fiction,"Amazon Digital Services,  Inc.",36.754,36.754,183.77,110.262,23,(Small or Medium Publisher),small/medium,4.78,7.99,6053,90
350,nonfiction,Macmillan,23.114,23.114,115.57,69.342,13,"Farrar, Straus and Giroux",big five,4.24,8.89,14391,227
351,nonfiction,"Amazon Digital Services,  Inc.",1.196,1.196,5.98,3.588,2,(Small or Medium Publisher),small/medium,4.23,2.99,85078,13
352,nonfiction,"Amazon Digital Services,  Inc.",5.994,5.994,29.97,17.982,3,(Small or Medium Publisher),small/medium,3.89,9.99,65916,94
353,nonfiction,"Amazon Digital Services,  Inc.",25.6,25.6,128.0,76.8,8,(Small or Medium Publisher),small/medium,4.4,16.0,37787,5
354,nonfiction,"Amazon Digital Services,  Inc.",8.991,20.979,29.97,0.0,3,(Indie Publisher),indie,4.18,9.99,74057,11
355,nonfiction,"Amazon Digital Services,  Inc.",6.792,6.792,33.96,20.376,2,(Small or Medium Publisher),small/medium,2.48,16.98,83066,29
356,genre fiction,Penguin Group (USA) LLC,356.354,356.354,1781.77,1069.062,223,NAL,big five,4.59,7.99,404,30
357,nonfiction,"Amazon Digital Services,  Inc.",2.691,6.279,8.97,0.0,3,(Indie Publisher),indie,0.0,2.99,63543,0
358,children,Penguin Group (USA) LLC,5.98,5.98,29.9,17.94,5,Grosset & Dunlap,big five,4.61,5.98,49623,18
359,genre fiction,"Amazon Digital Services,  Inc.",22.743,53.067,75.81,0.0,19,(Indie Publisher),indie,4.7,3.99,8168,67
360,nonfiction,"Amazon Digital Services,  Inc.",17.22,17.22,86.1,51.66,10,(Small or Medium Publisher),small/medium,4.16,8.61,26248,62
361,comics,"Amazon Digital Services,  Inc.",21.072,21.072,105.36,63.216,12,(Small or Medium Publisher),small/medium,4.14,8.78,20427,34
362,genre fiction,"Amazon Digital Services,  Inc.",4.788,11.172,15.96,0.0,4,(Indie Publisher),indie,4.58,3.99,59287,36
363,nonfiction,"Amazon Digital Services,  Inc.",2.574,1.386,3.96,0.0,4,(Indie Publisher),indie,3.25,0.99,58326,4
364,nonfiction,"Amazon Digital Services,  Inc.",30.336,30.336,151.68,91.008,16,(Small or Medium Publisher),small/medium,4.29,9.48,9241,331
365,nonfiction,Random House LLC,50.288,50.288,251.44,150.864,28,Anchor,big five,4.08,8.98,5294,1814
366,children,"Amazon Digital Services,  Inc.",1.794,1.794,8.97,5.382,1,(Small or Medium Publisher),small/medium,5.0,8.97,97216,1
367,nonfiction,"Amazon Digital Services,  Inc.",6.435,3.465,9.9,0.0,10,(Indie Publisher),indie,3.71,0.99,28268,46
368,nonfiction,"Amazon Digital Services,  Inc.",5.514,5.514,27.57,16.542,3,(Small or Medium Publisher),small/medium,3.89,9.19,70760,49
369,nonfiction,"Amazon Digital Services,  Inc.",13.972,13.972,69.86,41.916,14,(Single-Author Publisher),single author,4.08,4.99,11575,59
370,genre fiction,"Amazon Digital Services,  Inc.",7.98,7.98,39.9,23.94,10,(Single-Author Publisher),single author,4.44,3.99,27061,321
371,comics,"Amazon Digital Services,  Inc.",2.392,2.392,11.96,7.176,4,(Single-Author Publisher),single author,4.15,2.99,50569,13
372,genre fiction,"Amazon Digital Services,  Inc.",32.292,32.292,161.46,96.876,54,(Single-Author Publisher),single author,4.2,2.99,3873,1496
373,genre fiction,"Amazon Digital Services,  Inc.",7.032,7.032,35.16,21.096,12,(Small or Medium Publisher),small/medium,4.33,2.93,19788,15
374,genre fiction,"Amazon Digital Services,  Inc.",10.696,10.696,53.48,32.088,14,(Small or Medium Publisher),small/medium,4.5,3.82,13063,10
375,genre fiction,"Amazon Digital Services,  Inc.",20.349,47.481,67.83,0.0,17,(Indie Publisher),indie,4.8,3.99,8943,36
376,nonfiction,"Amazon Digital Services,  Inc.",6.9,6.9,34.5,20.7,2,(Small or Medium Publisher),small/medium,4.53,17.25,79720,13
377,genre fiction,"Amazon Digital Services,  Inc.",14.352,33.488,47.84,0.0,16,(Indie Publisher),indie,4.24,2.99,9518,33
378,genre fiction,"Amazon Digital Services,  Inc.",22.954,22.954,114.77,68.862,23,(Small or Medium Publisher),small/medium,4.1,4.99,6304,76
379,nonfiction,Random House LLC,2.398,2.398,11.99,7.194,1,Anchor,big five,4.4,11.99,89414,52
380,children,Random House LLC,7.668,7.668,38.34,23.004,9,Random House Books for Young Readers,big five,4.78,4.26,33876,14
381,nonfiction,"Amazon Digital Services,  Inc.",3.588,8.372,11.96,0.0,4,(Indie Publisher),indie,4.76,2.99,55218,17
382,fiction,"Amazon Digital Services,  Inc.",1551.84,1551.84,7759.2,4655.52,915,(Small or Medium Publisher),small/medium,3.82,8.48,117,388
383,nonfiction,HarperCollins Christian Publishing,12.93,12.93,64.65,38.79,5,Thomas Nelson,big five,4.54,12.93,47174,181
384,foreign language,"Amazon Digital Services,  Inc.",0.598,0.598,2.99,1.794,1,(Small or Medium Publisher),small/medium,0.0,2.99,92520,0
385,nonfiction,Simon and Schuster Digital Sales Inc,198.428,198.428,992.14,595.284,113,Simon & Schuster,big five,3.51,8.78,1011,94
386,nonfiction,Hachette Book Group,30.912,30.912,154.56,92.736,14,Grand Central Life & Style,big five,0.0,11.04,10769,0
387,nonfiction,"Amazon Digital Services,  Inc.",11.988,11.988,59.94,35.964,6,(Small or Medium Publisher),small/medium,4.09,9.99,43805,50
388,nonfiction,"Amazon Digital Services,  Inc.",5.994,5.994,29.97,17.982,3,(Single-Author Publisher),single author,4.75,9.99,69439,64
389,nonfiction,HarperCollins Publishers,9.592,9.592,47.96,28.776,4,HarperCollins e-books,big five,4.16,11.99,54879,97
390,children,Penguin Group (USA) LLC,3.588,3.588,17.94,10.764,3,Speak,big five,4.16,5.98,68516,18
391,genre fiction,"Amazon Digital Services,  Inc.",22.5225,12.1275,34.65,0.0,35,(Indie Publisher),indie,4.11,0.99,4897,79
392,nonfiction,"Amazon Digital Services,  Inc.",8.97,8.97,44.85,26.91,15,(Single-Author Publisher),single author,4.47,2.99,9893,95
393,nonfiction,"Amazon Digital Services,  Inc.",1.386,1.386,6.93,4.158,7,(Single-Author Publisher),single author,4.31,0.99,40211,111
394,children,"Amazon Digital Services,  Inc.",2.396,2.396,11.98,7.188,2,(Single-Author Publisher),single author,4.42,5.99,77560,47
395,genre fiction,"Amazon Digital Services,  Inc.",1.936,1.936,9.68,5.808,2,(Small or Medium Publisher),small/medium,4.54,4.84,82112,59
396,children,Hachette Book Group,1.364,1.364,6.82,4.092,2,LB Kids,big five,4.5,3.41,80639,14
397,nonfiction,"Amazon Digital Services,  Inc.",7.192,7.192,35.96,21.576,2,(Small or Medium Publisher),small/medium,0.0,17.98,84041,0
398,genre fiction,"Amazon Digital Services,  Inc.",32.934,76.846,109.78,0.0,22,(Indie Publisher),indie,4.35,4.99,6452,101
399,fiction,"Amazon Digital Services,  Inc.",63.7065,34.3035,98.01,0.0,99,(Indie Publisher),indie,4.31,0.99,1537,283
400,nonfiction,"Amazon Digital Services,  Inc.",5.994,5.994,29.97,17.982,3,(Small or Medium Publisher),small/medium,4.27,9.99,74045,18
401,children,Random House LLC,2.392,2.392,11.96,7.176,2,Knopf Books for Young Readers,big five,4.71,5.98,84410,21
402,genre fiction,Random House LLC,15.984,15.984,79.92,47.952,8,Bantam Dell,big five,4.11,9.99,35549,109
403,nonfiction,"Amazon Digital Services,  Inc.",25.176,25.176,125.88,75.528,12,(Small or Medium Publisher),small/medium,4.42,10.49,18363,373
404,genre fiction,"Amazon Digital Services,  Inc.",11.976,11.976,59.88,35.928,12,(Single-Author Publisher),single author,0.0,4.99,18497,0
405,genre fiction,Penguin Group (USA) LLC,2.198,2.198,10.99,6.594,1,Ace,big five,4.3,10.99,99666,20
406,nonfiction,HarperCollins Publishers,90.06,90.06,450.3,270.18,95,Harper,big five,4.37,4.74,1733,580
407,genre fiction,"Amazon Digital Services,  Inc.",3.056,3.056,15.28,9.168,4,(Small or Medium Publisher),small/medium,5.0,3.82,62110,13
408,genre fiction,"Amazon Digital Services,  Inc.",0.792,0.792,3.96,2.376,4,(Single-Author Publisher),single author,4.28,0.99,56005,7
409,nonfiction,"Amazon Digital Services,  Inc.",3.396,3.396,16.98,10.188,2,(Small or Medium Publisher),small/medium,4.67,8.49,84199,100
410,nonfiction,"Amazon Digital Services,  Inc.",27.54,64.26,91.8,0.0,10,(Indie Publisher),indie,4.53,9.18,26772,112
411,genre fiction,"Amazon Digital Services,  Inc.",3.892,3.892,19.46,11.676,14,(Single-Author Publisher),single author,4.86,1.39,10582,98
412,children,"Amazon Digital Services,  Inc.",0.6435,0.3465,0.99,0.0,1,(Indie Publisher),indie,4.12,0.99,92102,8
413,children,HarperCollins Publishers,15.548,15.548,77.74,46.644,13,HarperCollins,big five,4.79,5.98,14814,136
414,genre fiction,"Amazon Digital Services,  Inc.",5.382,12.558,17.94,0.0,6,(Indie Publisher),indie,5.0,2.99,45619,1
415,nonfiction,Simon and Schuster Digital Sales Inc,8.304,8.304,41.52,24.912,4,Scribner,big five,4.14,10.38,58528,395
416,nonfiction,Penguin Group (USA) LLC,4.792,4.792,23.96,14.376,4,DK Publishing,big five,3.81,5.99,59925,11
417,nonfiction,HarperCollins Publishers,1.954,1.954,9.77,5.862,1,HarperBusiness,big five,4.28,9.77,99440,28
418,nonfiction,"Amazon Digital Services,  Inc.",7.176,16.744,23.92,0.0,8,(Indie Publisher),indie,4.38,2.99,37270,18
419,nonfiction,"Amazon Digital Services,  Inc.",1.794,4.186,5.98,0.0,2,(Indie Publisher),indie,4.07,2.99,86589,13
420,nonfiction,"Amazon Digital Services,  Inc.",23.984,23.984,119.92,71.952,8,(Small or Medium Publisher),small/medium,4.84,14.99,37299,39
421,genre fiction,HarperCollins Publishers,268.464,268.464,1342.32,805.392,168,William Morrow,big five,4.17,7.99,528,2333
422,nonfiction,"Amazon Digital Services,  Inc.",10.374,10.374,51.87,31.122,13,(Single-Author Publisher),single author,4.7,3.99,14663,48
423,nonfiction,"Amazon Digital Services,  Inc.",17.982,17.982,89.91,53.946,9,(Small or Medium Publisher),small/medium,3.71,9.99,32564,57
424,genre fiction,"Amazon Digital Services,  Inc.",21.564,50.316,71.88,0.0,12,(Indie Publisher),indie,4.32,5.99,19275,164
425,nonfiction,"Amazon Digital Services,  Inc.",27.972,27.972,139.86,83.916,14,(Single-Author Publisher),single author,4.38,9.99,13009,95
426,genre fiction,Macmillan,35.168,35.168,175.84,105.504,16,Tor Books,big five,4.13,10.99,9473,165
427,nonfiction,Hachette Book Group,36.372,36.372,181.86,109.116,14,Grand Central Life & Style,big five,3.14,12.99,13989,41
428,children,"Amazon Digital Services,  Inc.",93.24,93.24,466.2,279.72,90,(Small or Medium Publisher),small/medium,4.7,5.18,1988,557
429,genre fiction,"Amazon Digital Services,  Inc.",0.764,0.764,3.82,2.292,1,(Small or Medium Publisher),small/medium,4.42,3.82,90330,7
430,nonfiction,"Amazon Digital Services,  Inc.",18.96,18.96,94.8,56.88,10,(Small or Medium Publisher),small/medium,4.82,9.48,27606,23
431,genre fiction,"Amazon Digital Services,  Inc.",3.72,3.72,18.6,11.16,6,(Small or Medium Publisher),small/medium,5.0,3.1,43311,5
432,nonfiction,HarperCollins Publishers,1.6,1.6,8.0,4.8,1,HarperCollins e-books,big five,4.25,8.0,91104,128
433,genre fiction,"Amazon Digital Services,  Inc.",5.382,12.558,17.94,0.0,6,(Indie Publisher),indie,4.6,2.99,42043,56
434,nonfiction,"Amazon Digital Services,  Inc.",2.798,2.798,13.99,8.394,1,(Small or Medium Publisher),small/medium,4.25,13.99,96995,4
435,nonfiction,"Amazon Digital Services,  Inc.",1.998,1.998,9.99,5.994,1,(Small or Medium Publisher),small/medium,4.76,9.99,87787,17
436,nonfiction,"Amazon Digital Services,  Inc.",16.776,16.776,83.88,50.328,9,(Small or Medium Publisher),small/medium,4.48,9.32,30633,91
437,genre fiction,"Amazon Digital Services,  Inc.",44.844,44.844,224.22,134.532,74,(Small or Medium Publisher),small/medium,4.23,3.03,2793,55
438,genre fiction,Macmillan,8.756,8.756,43.78,26.268,22,St. Martin's Paperbacks,big five,3.86,1.99,6713,30
439,children,HarperCollins Publishers,3.072,3.072,15.36,9.216,3,HarperCollins,big five,4.3,5.12,70266,33
440,genre fiction,"Amazon Digital Services,  Inc.",81.2,81.2,406.0,243.6,58,(Single-Author Publisher),single author,4.68,7.0,3618,105
441,nonfiction,"Amazon Digital Services,  Inc.",1.538,1.538,7.69,4.614,1,(Small or Medium Publisher),small/medium,4.8,7.69,90098,21
442,children,Penguin Group (USA) LLC,8.52,8.52,42.6,25.56,10,Grosset & Dunlap,big five,4.53,4.26,27137,26
443,nonfiction,"Amazon Digital Services,  Inc.",1.592,1.592,7.96,4.776,4,(Single-Author Publisher),single author,4.0,1.99,54263,23
444,nonfiction,"Amazon Digital Services,  Inc.",25.974,25.974,129.87,77.922,13,(Single-Author Publisher),single author,4.01,9.99,16041,176
445,fiction,"Amazon Digital Services,  Inc.",28.728,67.032,95.76,0.0,12,(Indie Publisher),indie,3.82,7.98,19039,242
446,nonfiction,"Amazon Digital Services,  Inc.",4.792,4.792,23.96,14.376,4,(Small or Medium Publisher),small/medium,4.51,5.99,54924,49
447,nonfiction,"Amazon Digital Services,  Inc.",11.661,27.209,38.87,0.0,13,(Indie Publisher),indie,5.0,2.99,14283,4
448,genre fiction,"Amazon Digital Services,  Inc.",14.364,33.516,47.88,0.0,12,(Indie Publisher),indie,0.0,3.99,21678,0
449,genre fiction,Random House LLC,3.594,3.594,17.97,10.782,3,Spectra,big five,3.15,5.99,64689,88
450,nonfiction,Simon and Schuster Digital Sales Inc,190.708,190.708,953.54,572.124,98,Simon & Schuster,big five,4.36,9.73,1594,1172
451,genre fiction,"Amazon Digital Services,  Inc.",8.073,18.837,26.91,0.0,9,(Indie Publisher),indie,4.63,2.99,33338,33
452,children,"Amazon Digital Services,  Inc.",12.84,12.84,64.2,38.52,12,(Small or Medium Publisher),small/medium,4.76,5.35,20917,25
453,nonfiction,"Amazon Digital Services,  Inc.",11.988,11.988,59.94,35.964,6,(Single-Author Publisher),single author,4.51,9.99,44933,27
454,nonfiction,"Amazon Digital Services,  Inc.",17.982,17.982,89.91,53.946,9,(Small or Medium Publisher),small/medium,4.64,9.99,32684,162
455,nonfiction,"Amazon Digital Services,  Inc.",7.992,7.992,39.96,23.976,4,(Small or Medium Publisher),small/medium,4.56,9.99,58370,62
456,nonfiction,"Amazon Digital Services,  Inc.",2.392,2.392,11.96,7.176,4,(Single-Author Publisher),single author,3.0,2.99,52968,4
457,fiction,"Amazon Digital Services,  Inc.",54.876,54.876,274.38,164.628,51,(Small or Medium Publisher),small/medium,4.81,5.38,4010,55
458,nonfiction,"Amazon Digital Services,  Inc.",57.318,57.318,286.59,171.954,41,(Single-Author Publisher),single author,4.71,6.99,4609,884
459,fiction,"Amazon Digital Services,  Inc.",8.073,18.837,26.91,0.0,9,(Indie Publisher),indie,4.57,2.99,32263,28
460,genre fiction,Macmillan,30.052,30.052,150.26,90.156,22,St. Martin's Press,big five,4.52,6.83,6798,514
461,genre fiction,Random House LLC,28.416,28.416,142.08,85.248,12,LucasBooks,big five,4.22,11.84,19189,222
462,children,"Amazon Digital Services,  Inc.",1.98,1.98,9.9,5.94,10,(Single-Author Publisher),single author,3.8,0.99,27986,15
463,nonfiction,"Amazon Digital Services,  Inc.",57.456,57.456,287.28,172.368,72,(Small or Medium Publisher),small/medium,4.26,3.99,2873,15
464,nonfiction,"Amazon Digital Services,  Inc.",11.656,11.656,58.28,34.968,4,(Small or Medium Publisher),small/medium,3.8,14.57,50851,25
465,nonfiction,"Amazon Digital Services,  Inc.",2.394,2.394,11.97,7.182,3,(Single-Author Publisher),single author,4.09,3.99,62508,10
466,nonfiction,"Amazon Digital Services,  Inc.",13.816,13.816,69.08,41.448,4,(Small or Medium Publisher),small/medium,3.5,17.27,52595,4
467,children,HarperCollins Publishers,0.948,0.948,4.74,2.844,1,HarperCollins,big five,4.46,4.74,98425,30
468,nonfiction,"Amazon Digital Services,  Inc.",34.086,79.534,113.62,0.0,38,(Indie Publisher),indie,4.55,2.99,4774,43
469,genre fiction,"Amazon Digital Services,  Inc.",32.319,75.411,107.73,0.0,27,(Indie Publisher),indie,4.22,3.99,5374,241
470,genre fiction,"Amazon Digital Services,  Inc.",20.592,20.592,102.96,61.776,104,(Small or Medium Publisher),small/medium,4.0,0.99,1333,120
471,genre fiction,"Amazon Digital Services,  Inc.",3.168,3.168,15.84,9.504,16,(Single-Author Publisher),single author,0.0,0.99,9134,0
472,genre fiction,Random House LLC,11.94,11.94,59.7,35.82,30,Bantam,big five,3.96,1.99,5179,278
473,nonfiction,"Amazon Digital Services,  Inc.",29.14,29.14,145.7,87.42,10,(Small or Medium Publisher),small/medium,4.0,14.57,26175,55
474,comics,"Amazon Digital Services,  Inc.",5.532,5.532,27.66,16.596,6,(Small or Medium Publisher),small/medium,0.0,4.61,45765,0
475,genre fiction,Hachette Book Group,43.152,43.152,215.76,129.456,24,Grand Central Publishing,big five,4.33,8.99,5660,386
476,nonfiction,"Amazon Digital Services,  Inc.",7.194,7.194,35.97,21.582,3,(Small or Medium Publisher),small/medium,4.36,11.99,69573,68
477,nonfiction,"Amazon Digital Services,  Inc.",3.2175,1.7325,4.95,0.0,5,(Indie Publisher),indie,4.3,0.99,47033,10
478,genre fiction,"Amazon Digital Services,  Inc.",20.958,48.902,69.86,0.0,14,(Indie Publisher),indie,4.7,4.99,10686,57
479,nonfiction,Penguin Group (USA) LLC,8.792,8.792,43.96,26.376,4,Penguin Books,big five,4.11,10.99,54968,35
480,children,"Amazon Digital Services,  Inc.",0.598,0.598,2.99,1.794,1,(Small or Medium Publisher),small/medium,5.0,2.99,92641,1
481,nonfiction,"Amazon Digital Services,  Inc.",111.776,111.776,558.88,335.328,56,(Small or Medium Publisher),small/medium,4.47,9.98,3733,828
482,nonfiction,"Amazon Digital Services,  Inc.",8.694,8.694,43.47,26.082,3,(Small or Medium Publisher),small/medium,4.36,14.49,62985,68
483,children,"Amazon Digital Services,  Inc.",1.364,1.364,6.82,4.092,2,(Small or Medium Publisher),small/medium,4.73,3.41,76284,57
484,nonfiction,"Amazon Digital Services,  Inc.",1.998,1.998,9.99,5.994,1,(Small or Medium Publisher),small/medium,4.19,9.99,92429,88
485,nonfiction,"Amazon Digital Services,  Inc.",4.5045,2.4255,6.93,0.0,7,(Indie Publisher),indie,4.88,0.99,38817,35
486,comics,"Amazon Digital Services,  Inc.",2.292,2.292,11.46,6.876,3,(Small or Medium Publisher),small/medium,3.68,3.82,65182,19
487,children,"Amazon Digital Services,  Inc.",1.018,1.018,5.09,3.054,1,(Small or Medium Publisher),small/medium,0.0,5.09,93960,0
488,nonfiction,"Amazon Digital Services,  Inc.",29.97,69.93,99.9,0.0,10,(Indie Publisher),indie,4.52,9.99,26299,17
489,genre fiction,"Amazon Digital Services,  Inc.",67.232,67.232,336.16,201.696,88,(Small or Medium Publisher),small/medium,4.0,3.82,2051,1
490,fiction,Random House LLC,158.202,158.202,791.01,474.606,99,Vintage,big five,4.03,7.99,1526,385
491,nonfiction,"Amazon Digital Services,  Inc.",5.964,5.964,29.82,17.892,3,(Small or Medium Publisher),small/medium,4.65,9.94,66727,41
492,nonfiction,Macmillan,3.556,3.556,17.78,10.668,2,St. Martin's Griffin,big five,3.9,8.89,79204,31
493,nonfiction,"Amazon Digital Services,  Inc.",10.374,10.374,51.87,31.122,13,(Small or Medium Publisher),small/medium,4.31,3.99,15986,29
494,children,HarperCollins Publishers,3.196,3.196,15.98,9.588,2,HarperCollins,big five,4.44,7.99,79873,153
495,children,"Amazon Digital Services,  Inc.",3.056,3.056,15.28,9.168,4,(Small or Medium Publisher),small/medium,4.75,3.82,57271,8
496,genre fiction,"Amazon Digital Services,  Inc.",15.968,15.968,79.84,47.904,16,(Single-Author Publisher),single author,4.5,4.99,9435,34
497,genre fiction,"Amazon Digital Services,  Inc.",13.568,13.568,67.84,40.704,16,(Small or Medium Publisher),small/medium,4.36,4.24,9301,11
498,nonfiction,Macmillan,3.556,3.556,17.78,10.668,2,"Farrar, Straus and Giroux",big five,4.63,8.89,83781,36
499,genre fiction,"Amazon Digital Services,  Inc.",11.661,27.209,38.87,0.0,13,(Indie Publisher),indie,4.42,2.99,17869,87
500,nonfiction,"Amazon Digital Services,  Inc.",11.596,11.596,57.98,34.788,2,(Small or Medium Publisher),small/medium,4.7,28.99,82467,17
501,genre fiction,"Amazon Digital Services,  Inc.",1.376,1.376,6.88,4.128,2,(Small or Medium Publisher),small/medium,4.71,3.44,81503,7
502,genre fiction,"Amazon Digital Services,  Inc.",3.82,3.82,19.1,11.46,5,(Small or Medium Publisher),small/medium,4.8,3.82,49651,5
503,nonfiction,"Amazon Digital Services,  Inc.",3.0,3.0,15.0,9.0,6,(Small or Medium Publisher),small/medium,4.5,2.5,45924,51
504,nonfiction,Random House LLC,319.93,319.93,1599.65,959.79,535,Broadway Books,big five,4.46,2.99,193,1980
505,genre fiction,"Amazon Digital Services,  Inc.",133.233,310.877,444.11,0.0,89,(Indie Publisher),indie,4.78,4.99,2031,150
506,children,HarperCollins Publishers,3.908,3.908,19.54,11.724,2,Katherine Tegen Books,big five,4.1,9.77,78221,28
507,genre fiction,"Amazon Digital Services,  Inc.",1.528,1.528,7.64,4.584,2,(Small or Medium Publisher),small/medium,4.57,3.82,79669,19
508,genre fiction,"Amazon Digital Services,  Inc.",57.408,133.952,191.36,0.0,64,(Indie Publisher),indie,4.47,2.99,3333,198
509,nonfiction,Random House LLC,9.99,9.99,49.95,29.97,5,Vintage,big five,4.25,9.99,48396,300
510,genre fiction,"Amazon Digital Services,  Inc.",23.92,23.92,119.6,71.76,40,(Single-Author Publisher),single author,4.43,2.99,4637,66
511,genre fiction,"Amazon Digital Services,  Inc.",3.032,3.032,15.16,9.096,4,(Small or Medium Publisher),small/medium,3.9,3.79,51342,10
512,fiction,"Amazon Digital Services,  Inc.",3.874,2.086,5.96,0.0,4,(Indie Publisher),indie,3.83,1.49,53559,6
513,nonfiction,"Amazon Digital Services,  Inc.",11.192,11.192,55.96,33.576,4,(Small or Medium Publisher),small/medium,5.0,13.99,60317,1
514,nonfiction,"Amazon Digital Services,  Inc.",5.964,13.916,19.88,0.0,4,(Indie Publisher),indie,2.8,4.97,55254,20
515,nonfiction,"Amazon Digital Services,  Inc.",2.691,6.279,8.97,0.0,3,(Indie Publisher),indie,4.66,2.99,72071,3
516,genre fiction,"Amazon Digital Services,  Inc.",19.734,46.046,65.78,0.0,22,(Indie Publisher),indie,3.44,2.99,6433,9
517,genre fiction,"Amazon Digital Services,  Inc.",3.056,3.056,15.28,9.168,4,(Small or Medium Publisher),small/medium,4.71,3.82,57018,7
518,nonfiction,"Amazon Digital Services,  Inc.",0.897,2.093,2.99,0.0,1,(Indie Publisher),indie,3.42,2.99,92562,7
519,genre fiction,"Amazon Digital Services,  Inc.",31.437,73.353,104.79,0.0,21,(Indie Publisher),indie,4.75,4.99,7014,157
520,nonfiction,Simon and Schuster Digital Sales Inc,11.04,11.04,55.2,33.12,5,Touchstone,big five,4.57,11.04,47611,26
521,nonfiction,"Amazon Digital Services,  Inc.",5.608,5.608,28.04,16.824,4,(Small or Medium Publisher),small/medium,4.51,7.01,50975,189
522,children,HarperCollins Publishers,8.866,8.866,44.33,26.598,13,HarperFestival,big five,4.32,3.41,16133,37
523,nonfiction,"Amazon Digital Services,  Inc.",7.992,7.992,39.96,23.976,4,(Small or Medium Publisher),small/medium,4.25,9.99,59293,43
524,genre fiction,Macmillan,52.712,52.712,263.56,158.136,44,Tor Books,big five,3.59,5.99,4436,207
525,genre fiction,"Amazon Digital Services,  Inc.",0.398,0.398,1.99,1.194,1,(Small or Medium Publisher),small/medium,4.06,1.99,88727,63
526,children,"Amazon Digital Services,  Inc.",8.778,8.778,43.89,26.334,11,(Small or Medium Publisher),small/medium,4.67,3.99,25298,198
527,nonfiction,"Amazon Digital Services,  Inc.",3.076,3.076,15.38,9.228,2,(Small or Medium Publisher),small/medium,3.77,7.69,76328,107
528,genre fiction,"Amazon Digital Services,  Inc.",11.98,11.98,59.9,35.94,10,(Single-Author Publisher),single author,3.5,5.99,28871,10
529,genre fiction,"Amazon Digital Services,  Inc.",4.792,4.792,23.96,14.376,4,(Small or Medium Publisher),small/medium,4.63,5.99,62131,142
530,nonfiction,"Amazon Digital Services,  Inc.",2.178,2.178,10.89,6.534,11,(Single-Author Publisher),single author,4.26,0.99,25205,109
531,genre fiction,"Amazon Digital Services,  Inc.",10.374,10.374,51.87,31.122,13,(Single-Author Publisher),single author,4.56,3.99,14872,117
532,children,"Amazon Digital Services,  Inc.",2.574,1.386,3.96,0.0,4,(Indie Publisher),indie,4.57,0.99,55933,7
533,nonfiction,Simon and Schuster Digital Sales Inc,2.228,2.228,11.14,6.684,1,Scribner,big five,4.32,11.14,92607,25
534,nonfiction,Random House LLC,19.124,19.124,95.62,57.372,14,Dell,big five,4.74,6.83,12191,689
535,nonfiction,Penguin Group (USA) LLC,28.574,28.574,142.87,85.722,13,Penguin Books,big five,4.28,10.99,16904,180
536,nonfiction,"Amazon Digital Services,  Inc.",1.398,1.398,6.99,4.194,1,(Single-Author Publisher),single author,0.0,6.99,95939,0
537,nonfiction,Random House LLC,15.984,15.984,79.92,47.952,8,Broadway Books,big five,4.27,9.99,36000,137
538,comics,DC Comics,3.192,3.192,15.96,9.576,4,(Small or Medium Publisher),small/medium,4.0,3.99,57232,3
539,nonfiction,"Amazon Digital Services,  Inc.",11.192,11.192,55.96,33.576,4,(Single-Author Publisher),single author,3.97,13.99,61400,69
540,nonfiction,"Amazon Digital Services,  Inc.",11.988,11.988,59.94,35.964,6,(Small or Medium Publisher),small/medium,4.3,9.99,43895,83
541,nonfiction,"Amazon Digital Services,  Inc.",27.972,27.972,139.86,83.916,14,(Single-Author Publisher),single author,4.5,9.99,12514,98
542,genre fiction,"Amazon Digital Services,  Inc.",33.189,77.441,110.63,0.0,37,(Indie Publisher),indie,4.37,2.99,4801,51
543,genre fiction,Penguin Group (USA) LLC,28.574,28.574,142.87,85.722,13,Ace,big five,0.0,10.99,16033,0
544,genre fiction,"Amazon Digital Services,  Inc.",15.444,8.316,23.76,0.0,24,(Indie Publisher),indie,4.5,0.99,5865,12
545,genre fiction,"Amazon Digital Services,  Inc.",3.588,8.372,11.96,0.0,4,(Indie Publisher),indie,4.33,2.99,60514,21
546,nonfiction,HarperCollins Publishers,31.768,31.768,158.84,95.304,11,HarperOne,big five,3.86,14.44,25015,302
547,genre fiction,Random House LLC,12.784,12.784,63.92,38.352,8,WaterBrook Press,big five,4.56,7.99,36743,93
548,genre fiction,"Amazon Digital Services,  Inc.",44.91,104.79,149.7,0.0,30,(Indie Publisher),indie,4.53,4.99,5194,77
549,nonfiction,"Amazon Digital Services,  Inc.",3.896,3.896,19.48,11.688,4,(Small or Medium Publisher),small/medium,4.68,4.87,50414,69
550,genre fiction,"Amazon Digital Services,  Inc.",16.758,16.758,83.79,50.274,21,(Small or Medium Publisher),small/medium,4.71,3.99,6882,7
551,nonfiction,"Amazon Digital Services,  Inc.",21.996,21.996,109.98,65.988,2,(Small or Medium Publisher),small/medium,4.8,54.99,77946,36
552,nonfiction,Random House LLC,48.356,48.356,241.78,145.068,22,Knopf,big five,4.57,10.99,6812,35
553,genre fiction,"Amazon Digital Services,  Inc.",1.584,1.584,7.92,4.752,8,(Small or Medium Publisher),small/medium,3.67,0.99,35061,71
554,nonfiction,"Amazon Digital Services,  Inc.",68.376,68.376,341.88,205.128,12,(Small or Medium Publisher),small/medium,4.86,28.49,19794,60
555,nonfiction,Random House LLC,15.216,15.216,76.08,45.648,8,Random House,big five,4.09,9.51,37137,277
556,fiction,"Amazon Digital Services,  Inc.",439.04,439.04,2195.2,1317.12,980,(Small or Medium Publisher),small/medium,3.62,2.24,104,224
557,genre fiction,"Amazon Digital Services,  Inc.",11.964,27.916,39.88,0.0,4,(Indie Publisher),indie,4.68,9.97,58822,32
558,children,"Amazon Digital Services,  Inc.",1.794,1.794,8.97,5.382,3,(Small or Medium Publisher),small/medium,3.53,2.99,66215,13
559,children,"Amazon Digital Services,  Inc.",9.786,9.786,48.93,29.358,7,(Small or Medium Publisher),small/medium,4.33,6.99,40556,118
560,nonfiction,"Amazon Digital Services,  Inc.",2.392,2.392,11.96,7.176,4,(Small or Medium Publisher),small/medium,4.66,2.99,53370,27
561,fiction,"Amazon Digital Services,  Inc.",5.98,5.98,29.9,17.94,10,(Single-Author Publisher),single author,0.0,2.99,28642,0
562,nonfiction,"Amazon Digital Services,  Inc.",4.796,4.796,23.98,14.388,2,(Small or Medium Publisher),small/medium,4.55,11.99,83104,54
563,genre fiction,"Amazon Digital Services,  Inc.",6.112,6.112,30.56,18.336,8,(Small or Medium Publisher),small/medium,4.71,3.82,35426,56
564,children,Random House LLC,1.538,1.538,7.69,4.614,1,Random House Books for Young Readers,big five,4.69,7.69,97935,49
565,genre fiction,"Amazon Digital Services,  Inc.",289.674,675.906,965.58,0.0,242,(Indie Publisher),indie,4.96,3.99,366,26
566,genre fiction,Hachette Book Group,323.302,323.302,1616.51,969.906,49,"Little, Brown Books for Young Readers",big five,4.6,32.99,4142,402
567,nonfiction,"Amazon Digital Services,  Inc.",3.546,3.546,17.73,10.638,1,(Single-Author Publisher),single author,4.92,17.73,88136,13
568,children,"Amazon Digital Services,  Inc.",4.752,4.752,23.76,14.256,24,(Small or Medium Publisher),small/medium,4.39,0.99,5916,64
569,genre fiction,"Amazon Digital Services,  Inc.",33.516,33.516,167.58,100.548,42,(Single-Author Publisher),single author,4.91,3.99,4531,12
570,nonfiction,"Amazon Digital Services,  Inc.",0.897,2.093,2.99,0.0,1,(Indie Publisher),indie,0.0,2.99,91949,0
571,genre fiction,Random House LLC,13.178,13.178,65.89,39.534,11,Dell,big five,4.0,5.99,24018,111
572,genre fiction,Penguin Group (USA) LLC,70.682,70.682,353.41,212.046,59,Ace,big five,4.8,5.99,3599,606
573,nonfiction,"Amazon Digital Services,  Inc.",9.584,9.584,47.92,28.752,8,(Single-Author Publisher),single author,4.12,5.99,34589,55
574,genre fiction,"Amazon Digital Services,  Inc.",9.168,9.168,45.84,27.504,12,(Small or Medium Publisher),small/medium,4.14,3.82,20156,7
575,nonfiction,"Amazon Digital Services,  Inc.",3.99,3.99,19.95,11.97,5,(Single-Author Publisher),single author,4.42,3.99,46671,33
576,fiction,"Amazon Digital Services,  Inc.",8.372,8.372,41.86,25.116,14,(Small or Medium Publisher),small/medium,4.23,2.99,13701,86
577,children,Simon and Schuster Digital Sales Inc,0.852,0.852,4.26,2.556,1,Little Simon,big five,4.83,4.26,97352,6
578,nonfiction,"Amazon Digital Services,  Inc.",43.953,102.557,146.51,0.0,49,(Indie Publisher),indie,4.72,2.99,4142,43
579,genre fiction,Simon and Schuster Digital Sales Inc,1.518,1.518,7.59,4.554,1,Pocket Books/Star Trek,big five,3.6,7.59,91072,33
580,nonfiction,"Amazon Digital Services,  Inc.",27.356,27.356,136.78,82.068,14,(Small or Medium Publisher),small/medium,4.05,9.77,13815,35
581,children,HarperCollins Publishers,16.744,16.744,83.72,50.232,14,HarperCollins,big five,4.72,5.98,11187,147
582,nonfiction,"Amazon Digital Services,  Inc.",3.588,8.372,11.96,0.0,4,(Indie Publisher),indie,4.2,2.99,52872,10
583,nonfiction,"Amazon Digital Services,  Inc.",1.998,1.998,9.99,5.994,1,(Small or Medium Publisher),small/medium,5.0,9.99,91070,1
584,nonfiction,"Amazon Digital Services,  Inc.",1.998,1.998,9.99,5.994,1,(Single-Author Publisher),single author,4.12,9.99,99345,33
585,genre fiction,"Amazon Digital Services,  Inc.",11.96,11.96,59.8,35.88,20,(Single-Author Publisher),single author,4.5,2.99,7439,2
586,comics,"Amazon Digital Services,  Inc.",8.608,8.608,43.04,25.824,8,(Small or Medium Publisher),small/medium,4.43,5.38,35710,98
587,nonfiction,"Amazon Digital Services,  Inc.",3.076,3.076,15.38,9.228,2,(Single-Author Publisher),single author,4.0,7.69,86198,1
588,genre fiction,"Amazon Digital Services,  Inc.",3.588,8.372,11.96,0.0,4,(Indie Publisher),indie,4.08,2.99,55436,23
589,nonfiction,"Amazon Digital Services,  Inc.",27.972,27.972,139.86,83.916,14,(Small or Medium Publisher),small/medium,4.85,9.99,13682,7
590,genre fiction,"Amazon Digital Services,  Inc.",0.598,0.598,2.99,1.794,1,(Single-Author Publisher),single author,5.0,2.99,88824,2
591,children,"Amazon Digital Services,  Inc.",9.84,9.84,49.2,29.52,8,(Small or Medium Publisher),small/medium,4.82,6.15,35097,70
592,nonfiction,"Amazon Digital Services,  Inc.",4.485,10.465,14.95,0.0,5,(Indie Publisher),indie,4.71,2.99,47906,14
593,nonfiction,"Amazon Digital Services,  Inc.",7.98,7.98,39.9,23.94,10,(Small or Medium Publisher),small/medium,4.29,3.99,26283,162
594,genre fiction,"Amazon Digital Services,  Inc.",9.932,9.932,49.66,29.796,13,(Small or Medium Publisher),small/medium,4.81,3.82,16635,16
595,genre fiction,"Amazon Digital Services,  Inc.",125.685,293.265,418.95,0.0,105,(Indie Publisher),indie,4.73,3.99,1282,381
596,genre fiction,"Amazon Digital Services,  Inc.",8.404,8.404,42.02,25.212,11,(Small or Medium Publisher),small/medium,4.53,3.82,23900,138
597,nonfiction,"Amazon Digital Services,  Inc.",5.382,5.382,26.91,16.146,9,(Small or Medium Publisher),small/medium,4.14,2.99,33751,41
598,nonfiction,Penguin Group (USA) LLC,2.198,2.198,10.99,6.594,1,Penguin Books,big five,4.54,10.99,87656,57
599,nonfiction,Random House LLC,11.84,11.84,59.2,35.52,5,Bantam,big five,4.61,11.84,46456,139
600,genre fiction,"Amazon Digital Services,  Inc.",15.561,36.309,51.87,0.0,13,(Indie Publisher),indie,3.91,3.99,14930,210
601,nonfiction,"Amazon Digital Services,  Inc.",17.982,17.982,89.91,53.946,9,(Small or Medium Publisher),small/medium,4.5,9.99,33167,127
602,genre fiction,Macmillan,103.124,103.124,515.62,309.372,58,Minotaur Books,big five,4.5,8.89,3638,420
603,genre fiction,Random House LLC,4.792,4.792,23.96,14.376,4,LucasBooks,big five,4.01,5.99,59469,55
604,genre fiction,"Amazon Digital Services,  Inc.",12.558,29.302,41.86,0.0,14,(Indie Publisher),indie,4.22,2.99,12502,112
605,children,Random House LLC,5.586,5.586,27.93,16.758,7,Random House Books for Young Readers,big five,4.58,3.99,38854,63
606,nonfiction,"Amazon Digital Services,  Inc.",115.884,115.884,579.42,347.652,58,(Small or Medium Publisher),small/medium,3.93,9.99,3639,2345
607,genre fiction,Macmillan,11.942,11.942,59.71,35.826,7,St. Martin's Griffin,big five,3.6,8.53,38378,127
608,nonfiction,"Amazon Digital Services,  Inc.",7.0785,3.8115,10.89,0.0,11,(Indie Publisher),indie,3.75,0.99,23949,54
609,nonfiction,HarperCollins Publishers,8.338,8.338,41.69,25.014,11,Harper Element,big five,4.5,3.79,24802,172
610,genre fiction,Penguin Group (USA) LLC,3.392,3.392,16.96,10.176,4,Signet Classic,big five,4.5,4.24,59981,2
611,genre fiction,Penguin Group (USA) LLC,74.276,74.276,371.38,222.828,62,Signet,big five,4.04,5.99,3413,674
612,nonfiction,HarperCollins Publishers,48.336,48.336,241.68,145.008,24,HarperCollins e-books,big five,4.24,10.07,5612,645
